type,name,count,L1,L2,L3,L4,L5,L6,L7,L8,L9,L10,L11,L12,L13,L14,L15,L16,L17,L18,L19,L20,L21,L22,L23,L24,L25,L26,L27,L28,L29,L30,L31,L32,L33,L34,L35,L36,L37,L38,L39,L40,L41,L42,L43,L44,L45,L46,L47,L48,L49,L50,L51,L52,L53,L54,L55,L56,L57,L58,L59,L60,L61,L62,L63,L64,L65,L66,L67,L68,L69,L70,L71,L72,L73,L74,L75,L76,L77,L78,L79,L80,L81,L82,L83,L84,L85,L86,L87,L88,L89,L90,L91,L92,L93,L94,L95,L96,L97,L98,L99,L100,L101,L102,L103,L104,L105,L106,L107,L108,L109,L110,L111,L112,L113,L114,L115,L116,L117,L118,L119,L120,L121,L122,L123,L124,L125,L126,L127,L128,L129,L130,L131,L132,L133,L134,L135,L136,L137,L138,L139,L140
cow_bite,1cd30bf7a77bbfaaf85acb2b27da587a74e5951067ba962b500fd088e25a937b_1.mp4,7,0,15,29,39,52,64,82,95,110,120,134,146,160,172,188,199,,,,,,,,,,,,,,,,,,,,,,,,,,,,,,,,,,,,,,,,,,,,,,,,,,,,,,,,,,,,,,,,,,,,,,,,,,,,,,,,,,,,,,,,,,,,,,,,,,,,,,,,,,,,,,,,,,,,,,,,,,,,
cow_bite,2f4338b600baddf8b021162744427b9faaf7ec28230638ceeffadbfafd86ba44_1.mp4,17,0,9,20,27,39,46,57,65,74,82,93,100,111,117,128,135,145,153,162,169,178,185,195,202,212,220,229,237,247,256,266,272,282,289,300,308,,,,,,,,,,,,,,,,,,,,,,,,,,,,,,,,,,,,,,,,,,,,,,,,,,,,,,,,,,,,,,,,,,,,,,,,,,,,,,,,,,,,,,,,,,,,,,,,,,,,,,,,
cow_bite,2f4338b600baddf8b021162744427b9faaf7ec28230638ceeffadbfafd86ba44_2.mp4,10,0,10,18,28,38,45,55,63,74,80,91,100,112,118,127,135,145,151,162,169,179,186,,,,,,,,,,,,,,,,,,,,,,,,,,,,,,,,,,,,,,,,,,,,,,,,,,,,,,,,,,,,,,,,,,,,,,,,,,,,,,,,,,,,,,,,,,,,,,,,,,,,,,,,,,,,,,,,,,,,,,
cow_bite,3c86acfbc4289cc6d83adc3268a97e3eb2ecf1316d731b487627190a1e4ac88f_1.mp4,16,0,9,22,33,46,55,69,78,93,103,115,127,139,147,159,168,179,189,201,210,222,231,243,252,263,273,285,294,303,313,323,334,345,354,,,,,,,,,,,,,,,,,,,,,,,,,,,,,,,,,,,,,,,,,,,,,,,,,,,,,,,,,,,,,,,,,,,,,,,,,,,,,,,,,,,,,,,,,,,,,,,,,,,,,,,,,,
cow_bite,3c86acfbc4289cc6d83adc3268a97e3eb2ecf1316d731b487627190a1e4ac88f_2.mp4,16,0,10,22,30,41,51,61,71,81,90,101,109,120,129,140,149,160,169,177,189,200,208,220,227,240,247,258,267,278,286,299,306,319,326,,,,,,,,,,,,,,,,,,,,,,,,,,,,,,,,,,,,,,,,,,,,,,,,,,,,,,,,,,,,,,,,,,,,,,,,,,,,,,,,,,,,,,,,,,,,,,,,,,,,,,,,,,
cow_bite,6bad72b6e29e294f91508e5dbcc3b762e42c9103ddcf6e70968f7fe8d030a808_1.mp4,11,0,9,21,29,40,47,59,68,82,90,102,110,121,129,140,150,161,170,181,190,200,209,221,229,,,,,,,,,,,,,,,,,,,,,,,,,,,,,,,,,,,,,,,,,,,,,,,,,,,,,,,,,,,,,,,,,,,,,,,,,,,,,,,,,,,,,,,,,,,,,,,,,,,,,,,,,,,,,,,,,,,,
cow_bite,6f9416bb9789f27385491d3b308c52f2c5a441038301fcb9f5fe4df5a60b0a45_1.mp4,0,10,,,,,,,,,,,,,,,,,,,,,,,,,,,,,,,,,,,,,,,,,,,,,,,,,,,,,,,,,,,,,,,,,,,,,,,,,,,,,,,,,,,,,,,,,,,,,,,,,,,,,,,,,,,,,,,,,,,,,,,,,,,,,,,,,,,,,,,,,,,
cow_bite,10f1a9b90589c2bc657320dc4958fb19ea2d51fbcdb251402e6112e4407de2e7_1.mp4,16,0,7,25,31,50,59,76,83,100,111,125,137,151,163,176,187,202,213,229,238,252,265,277,290,302,316,329,342,357,368,381,393,407,422,,,,,,,,,,,,,,,,,,,,,,,,,,,,,,,,,,,,,,,,,,,,,,,,,,,,,,,,,,,,,,,,,,,,,,,,,,,,,,,,,,,,,,,,,,,,,,,,,,,,,,,,,,
cow_bite,10f1a9b90589c2bc657320dc4958fb19ea2d51fbcdb251402e6112e4407de2e7_2.mp4,11,0,10,404,412,426,438,451,460,477,486,498,508,520,532,542,556,567,580,591,603,615,633,772,781,,,,,,,,,,,,,,,,,,,,,,,,,,,,,,,,,,,,,,,,,,,,,,,,,,,,,,,,,,,,,,,,,,,,,,,,,,,,,,,,,,,,,,,,,,,,,,,,,,,,,,,,,,,,,,,,,,,,
cow_bite,10f1a9b90589c2bc657320dc4958fb19ea2d51fbcdb251402e6112e4407de2e7_3.mp4,12,0,15,31,44,59,67,82,93,109,118,128,144,156,166,182,192,210,218,235,242,257,265,283,291,308,316,,,,,,,,,,,,,,,,,,,,,,,,,,,,,,,,,,,,,,,,,,,,,,,,,,,,,,,,,,,,,,,,,,,,,,,,,,,,,,,,,,,,,,,,,,,,,,,,,,,,,,,,,,,,,,,,,,
cow_bite,10f1a9b90589c2bc657320dc4958fb19ea2d51fbcdb251402e6112e4407de2e7_4.mp4,7,0,9,25,37,51,63,80,89,106,116,136,141,156,169,186,195,,,,,,,,,,,,,,,,,,,,,,,,,,,,,,,,,,,,,,,,,,,,,,,,,,,,,,,,,,,,,,,,,,,,,,,,,,,,,,,,,,,,,,,,,,,,,,,,,,,,,,,,,,,,,,,,,,,,,,,,,,,,
cow_bite,14ac6845ecc16c132aa2ecc75f5619c36d603e5f5e9021a3502fabde86a4363f_1.mp4,10,0,6,12,19,27,31,37,44,51,56,63,67,74,79,136,146,155,164,172,179,187,191,,,,,,,,,,,,,,,,,,,,,,,,,,,,,,,,,,,,,,,,,,,,,,,,,,,,,,,,,,,,,,,,,,,,,,,,,,,,,,,,,,,,,,,,,,,,,,,,,,,,,,,,,,,,,,,,,,,,,,
cow_bite,14ac6845ecc16c132aa2ecc75f5619c36d603e5f5e9021a3502fabde86a4363f_2.mp4,19,0,7,16,22,28,35,43,48,55,60,69,74,81,89,98,102,108,116,124,130,141,144,151,159,166,172,179,186,195,201,209,214,222,229,236,242,250,258,265,271,,,,,,,,,,,,,,,,,,,,,,,,,,,,,,,,,,,,,,,,,,,,,,,,,,,,,,,,,,,,,,,,,,,,,,,,,,,,,,,,,,,,,,,,,,,,,,,,,,,,
cow_bite,14ac6845ecc16c132aa2ecc75f5619c36d603e5f5e9021a3502fabde86a4363f_3.mp4,9,0,6,12,19,28,33,41,47,54,61,69,74,81,88,95,102,109,115,120,128,,,,,,,,,,,,,,,,,,,,,,,,,,,,,,,,,,,,,,,,,,,,,,,,,,,,,,,,,,,,,,,,,,,,,,,,,,,,,,,,,,,,,,,,,,,,,,,,,,,,,,,,,,,,,,,,,,,,,,,,
cow_bite,37c993d16e39c7a06469d11edce24326323c489f75de5dcd0c73eba86d9eb942_1.mp4,17,0,6,19,28,43,51,66,73,86,96,109,118,133,143,154,163,178,184,197,208,223,229,244,253,268,276,289,300,313,324,337,345,358,369,384,392,,,,,,,,,,,,,,,,,,,,,,,,,,,,,,,,,,,,,,,,,,,,,,,,,,,,,,,,,,,,,,,,,,,,,,,,,,,,,,,,,,,,,,,,,,,,,,,,,,,,,,,,
cow_bite,37c993d16e39c7a06469d11edce24326323c489f75de5dcd0c73eba86d9eb942_2.mp4,16,0,9,20,32,43,56,69,78,93,101,116,123,135,144,159,168,181,191,204,211,223,234,245,256,268,277,288,298,453,472,487,500,511,519,,,,,,,,,,,,,,,,,,,,,,,,,,,,,,,,,,,,,,,,,,,,,,,,,,,,,,,,,,,,,,,,,,,,,,,,,,,,,,,,,,,,,,,,,,,,,,,,,,,,,,,,,,
cow_bite,37c993d16e39c7a06469d11edce24326323c489f75de5dcd0c73eba86d9eb942_3.mp4,6,0,11,24,33,43,54,71,80,172,187,202,209,224,234,,,,,,,,,,,,,,,,,,,,,,,,,,,,,,,,,,,,,,,,,,,,,,,,,,,,,,,,,,,,,,,,,,,,,,,,,,,,,,,,,,,,,,,,,,,,,,,,,,,,,,,,,,,,,,,,,,,,,,,,,,,,,,
cow_bite,46e9cc048a75d3c6404323ffa5ff8668c6b96a1640c61a52ec1155ef8b13d8bc_1.mp4,17,0,6,16,27,36,47,55,65,78,87,97,109,122,131,143,151,161,169,180,188,199,209,220,228,238,247,259,265,277,286,296,305,314,323,335,345,,,,,,,,,,,,,,,,,,,,,,,,,,,,,,,,,,,,,,,,,,,,,,,,,,,,,,,,,,,,,,,,,,,,,,,,,,,,,,,,,,,,,,,,,,,,,,,,,,,,,,,,
cow_bite,46e9cc048a75d3c6404323ffa5ff8668c6b96a1640c61a52ec1155ef8b13d8bc_2.mp4,3,0,7,18,25,38,46,56,67,,,,,,,,,,,,,,,,,,,,,,,,,,,,,,,,,,,,,,,,,,,,,,,,,,,,,,,,,,,,,,,,,,,,,,,,,,,,,,,,,,,,,,,,,,,,,,,,,,,,,,,,,,,,,,,,,,,,,,,,,,,,,,,,,,,,
cow_bite,54d5f63b8d886c2519a1eb5b4a19b409a919c0b94ac345062e8014f08487fdd4_1.mp4,19,0,23,49,73,105,124,154,173,209,233,254,277,310,331,359,375,408,428,454,473,502,520,551,573,603,638,666,682,714,734,758,781,816,833,859,877,907,930,960,,,,,,,,,,,,,,,,,,,,,,,,,,,,,,,,,,,,,,,,,,,,,,,,,,,,,,,,,,,,,,,,,,,,,,,,,,,,,,,,,,,,,,,,,,,,,,,,,,,,,
cow_bite,54d5f63b8d886c2519a1eb5b4a19b409a919c0b94ac345062e8014f08487fdd4_2.mp4,13,0,31,57,79,99,125,153,172,203,217,251,271,297,315,345,365,392,412,442,457,479,502,524,543,570,585,620,,,,,,,,,,,,,,,,,,,,,,,,,,,,,,,,,,,,,,,,,,,,,,,,,,,,,,,,,,,,,,,,,,,,,,,,,,,,,,,,,,,,,,,,,,,,,,,,,,,,,,,,,,,,,,,,,
cow_bite,94cdae122f4e4e40aa8ab7cdee44926435768e88eca067ed71629a073398967e_1.mp4,9,0,10,21,36,47,56,68,77,89,98,108,117,128,138,149,158,171,179,191,200,,,,,,,,,,,,,,,,,,,,,,,,,,,,,,,,,,,,,,,,,,,,,,,,,,,,,,,,,,,,,,,,,,,,,,,,,,,,,,,,,,,,,,,,,,,,,,,,,,,,,,,,,,,,,,,,,,,,,,,,
cow_bite,284d9ee203882c3bcc2dff888d49ba6ea4da8fbd943e8eab4ff2dc54ae719e55_1.mp4,14,0,9,23,35,46,61,75,83,99,110,125,133,146,154,169,178,191,202,211,224,235,248,257,270,279,290,298,314,326,336,,,,,,,,,,,,,,,,,,,,,,,,,,,,,,,,,,,,,,,,,,,,,,,,,,,,,,,,,,,,,,,,,,,,,,,,,,,,,,,,,,,,,,,,,,,,,,,,,,,,,,,,,,,,,,
cow_bite,284d9ee203882c3bcc2dff888d49ba6ea4da8fbd943e8eab4ff2dc54ae719e55_2.mp4,11,0,12,29,32,148,166,175,193,205,217,234,242,256,264,275,290,304,314,325,337,351,362,374,381,,,,,,,,,,,,,,,,,,,,,,,,,,,,,,,,,,,,,,,,,,,,,,,,,,,,,,,,,,,,,,,,,,,,,,,,,,,,,,,,,,,,,,,,,,,,,,,,,,,,,,,,,,,,,,,,,,,,
cow_bite,692f8f48cf19ed491f3cf69d8eeef1f7effe01ddf3126a68e20f80070cde51ea_1.mp4,18,0,9,21,25,36,42,53,60,72,77,84,98,207,214,223,239,253,264,275,283,292,300,312,320,333,340,351,359,371,379,390,398,408,416,424,434,447,453,,,,,,,,,,,,,,,,,,,,,,,,,,,,,,,,,,,,,,,,,,,,,,,,,,,,,,,,,,,,,,,,,,,,,,,,,,,,,,,,,,,,,,,,,,,,,,,,,,,,,,
cow_bite,0739b5b782dcfd787ebd280dbe01b1118380b41a717750235d98e6d4a15165c6_1.mp4,17,0,34,80,108,145,173,214,235,281,304,336,366,410,441,491,508,546,571,611,633,674,701,739,755,799,818,863,890,921,957,988,1020,1052,1082,1114,1184,,,,,,,,,,,,,,,,,,,,,,,,,,,,,,,,,,,,,,,,,,,,,,,,,,,,,,,,,,,,,,,,,,,,,,,,,,,,,,,,,,,,,,,,,,,,,,,,,,,,,,,,
cow_bite,884d5cc9ca1caa87c9638e04e2c96996d4ed373050e94e8ea4956a8213b8dd67_1.mp4,2,0,39,80,175,216,,,,,,,,,,,,,,,,,,,,,,,,,,,,,,,,,,,,,,,,,,,,,,,,,,,,,,,,,,,,,,,,,,,,,,,,,,,,,,,,,,,,,,,,,,,,,,,,,,,,,,,,,,,,,,,,,,,,,,,,,,,,,,,,,,,,,,,
cow_bite,747419b046c70c69e41b2857b7af91465dcc0c49e0e91ca96f253da03067dd32_1.mp4,11,0,10,19,37,54,63,77,82,91,101,112,122,137,144,155,163,176,187,202,208,221,230,247,253,,,,,,,,,,,,,,,,,,,,,,,,,,,,,,,,,,,,,,,,,,,,,,,,,,,,,,,,,,,,,,,,,,,,,,,,,,,,,,,,,,,,,,,,,,,,,,,,,,,,,,,,,,,,,,,,,,,,
cow_bite,747419b046c70c69e41b2857b7af91465dcc0c49e0e91ca96f253da03067dd32_2.mp4,15,0,10,26,33,48,56,74,80,90,101,114,125,139,149,159,170,181,192,205,216,227,236,249,262,273,285,296,306,318,326,340,346,,,,,,,,,,,,,,,,,,,,,,,,,,,,,,,,,,,,,,,,,,,,,,,,,,,,,,,,,,,,,,,,,,,,,,,,,,,,,,,,,,,,,,,,,,,,,,,,,,,,,,,,,,,,
cow_bite,756025eb6d43d923f9f175cb27e2a31cc0412c31de9278f6af8a7dccc225841a_1.mp4,9,0,11,24,34,45,56,66,75,88,96,196,215,229,244,260,270,286,298,311,323,,,,,,,,,,,,,,,,,,,,,,,,,,,,,,,,,,,,,,,,,,,,,,,,,,,,,,,,,,,,,,,,,,,,,,,,,,,,,,,,,,,,,,,,,,,,,,,,,,,,,,,,,,,,,,,,,,,,,,,,
cow_bite,2052108669082759e3e4b26bcff213b8a64e09a17d501ccb06bb477b4706323e_1.mp4,18,0,6,19,29,42,50,64,73,88,94,110,116,130,139,153,160,174,183,198,206,220,229,243,250,262,272,286,294,307,316,331,337,353,359,371,381,395,402,,,,,,,,,,,,,,,,,,,,,,,,,,,,,,,,,,,,,,,,,,,,,,,,,,,,,,,,,,,,,,,,,,,,,,,,,,,,,,,,,,,,,,,,,,,,,,,,,,,,,,
cow_bite,2052108669082759e3e4b26bcff213b8a64e09a17d501ccb06bb477b4706323e_2.mp4,7,0,8,24,36,49,59,72,80,93,104,117,127,139,149,161,170,,,,,,,,,,,,,,,,,,,,,,,,,,,,,,,,,,,,,,,,,,,,,,,,,,,,,,,,,,,,,,,,,,,,,,,,,,,,,,,,,,,,,,,,,,,,,,,,,,,,,,,,,,,,,,,,,,,,,,,,,,,,
cow_bite,a84ae1282abc51e5698d2b63472b892cae3ffdabacc66c9bcf1efabdf637b1e5_1.mp4,13,0,7,21,36,46,60,71,79,90,103,115,124,135,147,156,167,179,188,198,211,223,233,245,253,270,276,289,300,,,,,,,,,,,,,,,,,,,,,,,,,,,,,,,,,,,,,,,,,,,,,,,,,,,,,,,,,,,,,,,,,,,,,,,,,,,,,,,,,,,,,,,,,,,,,,,,,,,,,,,,,,,,,,,,
cow_bite,a84ae1282abc51e5698d2b63472b892cae3ffdabacc66c9bcf1efabdf637b1e5_2.mp4,18,0,9,20,32,43,53,65,76,89,99,112,121,134,145,157,167,178,191,203,213,224,236,246,257,269,281,292,302,314,324,335,346,357,368,379,389,401,407,,,,,,,,,,,,,,,,,,,,,,,,,,,,,,,,,,,,,,,,,,,,,,,,,,,,,,,,,,,,,,,,,,,,,,,,,,,,,,,,,,,,,,,,,,,,,,,,,,,,,,
cow_bite,ab4a3fa6085cc8998dad48f20cb5a041d97201723db1d665a90a3ee388f4bb6a_1.mp4,7,0,20,35,61,79,106,124,140,156,185,239,254,268,283,297,310,,,,,,,,,,,,,,,,,,,,,,,,,,,,,,,,,,,,,,,,,,,,,,,,,,,,,,,,,,,,,,,,,,,,,,,,,,,,,,,,,,,,,,,,,,,,,,,,,,,,,,,,,,,,,,,,,,,,,,,,,,,,
cow_bite,b1c6177d364b621dccd0cc51731a53a6022dd589b7222a146464538cc28f7dbb_1.mp4,10,0,7,28,55,76,107,131,151,172,200,222,245,270,294,319,337,360,384,407,429,447,479,,,,,,,,,,,,,,,,,,,,,,,,,,,,,,,,,,,,,,,,,,,,,,,,,,,,,,,,,,,,,,,,,,,,,,,,,,,,,,,,,,,,,,,,,,,,,,,,,,,,,,,,,,,,,,,,,,,,,,
cow_bite,b57a702fc0cade7763d6c30dbdd01970007eb537e18fc759f2e55132075d36db_1.mp4,9,0,11,33,42,54,70,131,144,158,168,176,183,198,207,222,234,250,255,399,413,,,,,,,,,,,,,,,,,,,,,,,,,,,,,,,,,,,,,,,,,,,,,,,,,,,,,,,,,,,,,,,,,,,,,,,,,,,,,,,,,,,,,,,,,,,,,,,,,,,,,,,,,,,,,,,,,,,,,,,,
cow_bite,b57a702fc0cade7763d6c30dbdd01970007eb537e18fc759f2e55132075d36db_2.mp4,9,0,10,28,39,52,64,77,93,106,116,129,139,150,165,180,190,204,214,229,237,,,,,,,,,,,,,,,,,,,,,,,,,,,,,,,,,,,,,,,,,,,,,,,,,,,,,,,,,,,,,,,,,,,,,,,,,,,,,,,,,,,,,,,,,,,,,,,,,,,,,,,,,,,,,,,,,,,,,,,,
cow_bite,b57a702fc0cade7763d6c30dbdd01970007eb537e18fc759f2e55132075d36db_3.mp4,18,0,9,27,34,49,58,72,85,99,111,129,137,148,165,179,189,204,215,228,240,251,266,282,292,307,318,333,343,359,369,387,395,411,423,436,446,460,475,,,,,,,,,,,,,,,,,,,,,,,,,,,,,,,,,,,,,,,,,,,,,,,,,,,,,,,,,,,,,,,,,,,,,,,,,,,,,,,,,,,,,,,,,,,,,,,,,,,,,,
cow_bite,b57a702fc0cade7763d6c30dbdd01970007eb537e18fc759f2e55132075d36db_4.mp4,19,0,9,23,35,46,56,72,84,95,100,112,128,143,156,170,178,193,203,214,226,237,250,262,272,288,296,311,317,330,342,353,365,378,386,397,409,423,433,443,456,,,,,,,,,,,,,,,,,,,,,,,,,,,,,,,,,,,,,,,,,,,,,,,,,,,,,,,,,,,,,,,,,,,,,,,,,,,,,,,,,,,,,,,,,,,,,,,,,,,,
cow_bite,cd4bc06caf8ea3015a8af0deaace4d3747268f55194cad3992097a5f6dc82b6c_1.mp4,14,0,8,20,30,41,52,65,74,86,98,113,125,136,143,155,164,178,187,203,210,224,232,244,256,270,277,292,314,329,339,,,,,,,,,,,,,,,,,,,,,,,,,,,,,,,,,,,,,,,,,,,,,,,,,,,,,,,,,,,,,,,,,,,,,,,,,,,,,,,,,,,,,,,,,,,,,,,,,,,,,,,,,,,,,,
cow_bite,cd4bc06caf8ea3015a8af0deaace4d3747268f55194cad3992097a5f6dc82b6c_2.mp4,15,0,9,16,28,40,52,64,75,86,101,111,120,133,143,157,165,178,189,200,212,225,233,244,258,269,279,292,301,312,318,329,338,,,,,,,,,,,,,,,,,,,,,,,,,,,,,,,,,,,,,,,,,,,,,,,,,,,,,,,,,,,,,,,,,,,,,,,,,,,,,,,,,,,,,,,,,,,,,,,,,,,,,,,,,,,,
cow_bite,d136ae29ffec48fd62ef8dbf80878dfece480fdbfcb72855a780cdcd03f0d08e_1.mp4,6,0,29,45,66,85,124,158,187,214,236,266,287,313,328,,,,,,,,,,,,,,,,,,,,,,,,,,,,,,,,,,,,,,,,,,,,,,,,,,,,,,,,,,,,,,,,,,,,,,,,,,,,,,,,,,,,,,,,,,,,,,,,,,,,,,,,,,,,,,,,,,,,,,,,,,,,,,
cow_bite,e151c20b878c4425ce832d2f5120a218f4e31b765ec2a352130a5a877fddd041_1.mp4,18,0,31,68,97,138,155,188,208,237,261,295,312,346,366,395,417,453,470,502,523,557,575,610,625,655,678,705,730,764,788,821,844,873,888,918,935,965,987,,,,,,,,,,,,,,,,,,,,,,,,,,,,,,,,,,,,,,,,,,,,,,,,,,,,,,,,,,,,,,,,,,,,,,,,,,,,,,,,,,,,,,,,,,,,,,,,,,,,,,
cow_bite,e151c20b878c4425ce832d2f5120a218f4e31b765ec2a352130a5a877fddd041_2.mp4,14,0,17,43,63,92,113,134,158,187,205,235,253,282,300,321,344,375,391,421,439,468,486,513,528,558,574,601,622,651,,,,,,,,,,,,,,,,,,,,,,,,,,,,,,,,,,,,,,,,,,,,,,,,,,,,,,,,,,,,,,,,,,,,,,,,,,,,,,,,,,,,,,,,,,,,,,,,,,,,,,,,,,,,,,,
cow_bite,e151c20b878c4425ce832d2f5120a218f4e31b765ec2a352130a5a877fddd041_3.mp4,17,0,21,50,327,350,388,425,451,482,507,534,560,589,608,635,666,687,713,740,765,792,813,847,866,893,914,947,966,991,1014,1040,1063,1098,1119,1140,1163,,,,,,,,,,,,,,,,,,,,,,,,,,,,,,,,,,,,,,,,,,,,,,,,,,,,,,,,,,,,,,,,,,,,,,,,,,,,,,,,,,,,,,,,,,,,,,,,,,,,,,,,
cow_bite,f53de12a897705fdec98d52bd3cc1d67ef9293a28f33e765569ca89a7dca1f8b_1.mp4,6,0,9,22,31,43,51,62,71,82,91,103,110,121,,,,,,,,,,,,,,,,,,,,,,,,,,,,,,,,,,,,,,,,,,,,,,,,,,,,,,,,,,,,,,,,,,,,,,,,,,,,,,,,,,,,,,,,,,,,,,,,,,,,,,,,,,,,,,,,,,,,,,,,,,,,,,,
cow_bite,fa287b67c5b84b2ee911726f6225435a2d74e49296db21d70cba892e267f755e_1.mp4,3,0,13,26,40,54,64,76,86,,,,,,,,,,,,,,,,,,,,,,,,,,,,,,,,,,,,,,,,,,,,,,,,,,,,,,,,,,,,,,,,,,,,,,,,,,,,,,,,,,,,,,,,,,,,,,,,,,,,,,,,,,,,,,,,,,,,,,,,,,,,,,,,,,,,
cow_bite,0baf219dc65f856d93429bfcaf5c6d9a1f2a8e813cc452f01f4819d32baca3d5_1.mp4,10,0,10,18,31,44,51,64,72,84,90,102,109,119,131,143,148,159,166,177,185,197,205,,,,,,,,,,,,,,,,,,,,,,,,,,,,,,,,,,,,,,,,,,,,,,,,,,,,,,,,,,,,,,,,,,,,,,,,,,,,,,,,,,,,,,,,,,,,,,,,,,,,,,,,,,,,,,,,,,,,,,
cow_bite,0c35d3331b192fbe5af76ea6781f56b3b1d0fe526416ef38b2163e163e2d5cb0_1.mp4,5,0,13,25,33,43,52,65,73,82,92,100,110,,,,,,,,,,,,,,,,,,,,,,,,,,,,,,,,,,,,,,,,,,,,,,,,,,,,,,,,,,,,,,,,,,,,,,,,,,,,,,,,,,,,,,,,,,,,,,,,,,,,,,,,,,,,,,,,,,,,,,,,,,,,,,,,
cow_bite,4a639247a4b687c6ae226f986414241864b4174f8e30190b62ad4821e5c3f875_1.mp4,9,0,11,24,34,46,54,67,77,91,99,115,124,137,147,163,168,182,191,203,213,,,,,,,,,,,,,,,,,,,,,,,,,,,,,,,,,,,,,,,,,,,,,,,,,,,,,,,,,,,,,,,,,,,,,,,,,,,,,,,,,,,,,,,,,,,,,,,,,,,,,,,,,,,,,,,,,,,,,,,,
cow_bite,4a639247a4b687c6ae226f986414241864b4174f8e30190b62ad4821e5c3f875_2.mp4,10,0,11,27,35,51,59,72,80,95,103,119,125,140,148,163,171,185,193,206,213,228,236,,,,,,,,,,,,,,,,,,,,,,,,,,,,,,,,,,,,,,,,,,,,,,,,,,,,,,,,,,,,,,,,,,,,,,,,,,,,,,,,,,,,,,,,,,,,,,,,,,,,,,,,,,,,,,,,,,,,,,
cow_bite,4a639247a4b687c6ae226f986414241864b4174f8e30190b62ad4821e5c3f875_3.mp4,16,0,6,23,28,41,50,65,73,87,94,109,116,129,138,152,158,174,179,195,200,215,222,236,242,257,266,275,283,295,302,314,321,335,339,,,,,,,,,,,,,,,,,,,,,,,,,,,,,,,,,,,,,,,,,,,,,,,,,,,,,,,,,,,,,,,,,,,,,,,,,,,,,,,,,,,,,,,,,,,,,,,,,,,,,,,,,,
cow_bite,4fc0428ba0f9882718fb5d7e4196369d2af69c153d42de9717a25a3919782d80_1.mp4,17,0,20,35,48,59,73,89,99,114,122,134,143,155,166,178,188,198,210,222,231,243,254,268,276,288,298,310,320,334,341,358,366,379,389,401,411,,,,,,,,,,,,,,,,,,,,,,,,,,,,,,,,,,,,,,,,,,,,,,,,,,,,,,,,,,,,,,,,,,,,,,,,,,,,,,,,,,,,,,,,,,,,,,,,,,,,,,,,
cow_bite,4fc0428ba0f9882718fb5d7e4196369d2af69c153d42de9717a25a3919782d80_2.mp4,17,0,11,26,33,45,56,70,78,90,101,115,124,138,148,162,171,185,193,204,218,231,240,256,267,278,292,303,315,327,337,350,359,373,382,396,402,,,,,,,,,,,,,,,,,,,,,,,,,,,,,,,,,,,,,,,,,,,,,,,,,,,,,,,,,,,,,,,,,,,,,,,,,,,,,,,,,,,,,,,,,,,,,,,,,,,,,,,,
cow_bite,4ff8a74c52c529eceb817a1d89e76a3ae053583c2abc491ecacbe560484b2e7e_1.mp4,9,0,13,29,38,50,64,76,87,97,107,121,130,145,152,165,176,187,196,211,219,,,,,,,,,,,,,,,,,,,,,,,,,,,,,,,,,,,,,,,,,,,,,,,,,,,,,,,,,,,,,,,,,,,,,,,,,,,,,,,,,,,,,,,,,,,,,,,,,,,,,,,,,,,,,,,,,,,,,,,,
cow_bite,4ff8a74c52c529eceb817a1d89e76a3ae053583c2abc491ecacbe560484b2e7e_2.mp4,12,0,11,23,33,46,56,69,78,91,102,115,123,134,145,158,168,182,192,207,215,229,238,251,262,274,285,,,,,,,,,,,,,,,,,,,,,,,,,,,,,,,,,,,,,,,,,,,,,,,,,,,,,,,,,,,,,,,,,,,,,,,,,,,,,,,,,,,,,,,,,,,,,,,,,,,,,,,,,,,,,,,,,,
cow_bite,4ff8a74c52c529eceb817a1d89e76a3ae053583c2abc491ecacbe560484b2e7e_3.mp4,9,0,9,24,34,48,58,72,80,92,104,115,127,138,149,162,171,184,194,206,214,,,,,,,,,,,,,,,,,,,,,,,,,,,,,,,,,,,,,,,,,,,,,,,,,,,,,,,,,,,,,,,,,,,,,,,,,,,,,,,,,,,,,,,,,,,,,,,,,,,,,,,,,,,,,,,,,,,,,,,,
cow_bite,6be40617f843db3e56b60af7a7dac4dad0f1d647838ed30133be97b1984696d0_1.mp4,19,0,16,40,66,81,105,140,159,179,197,226,240,255,279,298,316,342,357,377,407,433,452,483,502,533,553,581,604,631,656,687,704,739,762,787,822,853,868,901,920,,,,,,,,,,,,,,,,,,,,,,,,,,,,,,,,,,,,,,,,,,,,,,,,,,,,,,,,,,,,,,,,,,,,,,,,,,,,,,,,,,,,,,,,,,,,,,,,,,,,
cow_bite,8f609871c33a11835defd4b9a79a6b30ee4f311d86cc4f513f94515c2cf81126_1.mp4,19,0,16,31,43,54,71,86,98,110,123,136,151,164,177,191,205,219,230,240,257,269,282,296,309,323,334,348,359,373,387,400,414,427,439,455,465,477,490,504,515,,,,,,,,,,,,,,,,,,,,,,,,,,,,,,,,,,,,,,,,,,,,,,,,,,,,,,,,,,,,,,,,,,,,,,,,,,,,,,,,,,,,,,,,,,,,,,,,,,,,
cow_bite,8f609871c33a11835defd4b9a79a6b30ee4f311d86cc4f513f94515c2cf81126_2.mp4,5,0,11,26,35,49,59,71,83,96,108,121,132,,,,,,,,,,,,,,,,,,,,,,,,,,,,,,,,,,,,,,,,,,,,,,,,,,,,,,,,,,,,,,,,,,,,,,,,,,,,,,,,,,,,,,,,,,,,,,,,,,,,,,,,,,,,,,,,,,,,,,,,,,,,,,,,
cow_bite,9c7cbf325c3227806845c6b47c600d381965a61f9d6f0e578303bd40821681e4_1.mp4,3,0,7,27,37,53,63,80,90,,,,,,,,,,,,,,,,,,,,,,,,,,,,,,,,,,,,,,,,,,,,,,,,,,,,,,,,,,,,,,,,,,,,,,,,,,,,,,,,,,,,,,,,,,,,,,,,,,,,,,,,,,,,,,,,,,,,,,,,,,,,,,,,,,,,
cow_bite,9c08225dd12cdfdfbdc00043de3d390c275458ebe07d07114df2fedb056f4e08_1.mp4,2,0,9,26,39,56,61,,,,,,,,,,,,,,,,,,,,,,,,,,,,,,,,,,,,,,,,,,,,,,,,,,,,,,,,,,,,,,,,,,,,,,,,,,,,,,,,,,,,,,,,,,,,,,,,,,,,,,,,,,,,,,,,,,,,,,,,,,,,,,,,,,,,,,
cow_bite,9f06f158766658820031cf3f32a755a1403bcbcb696ce9febc42105f31f4fa46_1.mp4,13,0,6,23,34,55,66,80,88,102,112,129,136,149,159,179,186,198,208,223,230,246,253,263,276,288,295,309,318,,,,,,,,,,,,,,,,,,,,,,,,,,,,,,,,,,,,,,,,,,,,,,,,,,,,,,,,,,,,,,,,,,,,,,,,,,,,,,,,,,,,,,,,,,,,,,,,,,,,,,,,,,,,,,,,
cow_bite,9f06f158766658820031cf3f32a755a1403bcbcb696ce9febc42105f31f4fa46_2.mp4,15,0,8,23,31,43,52,67,75,92,101,116,124,139,148,162,168,183,191,205,212,228,236,248,257,269,278,292,300,316,324,337,344,,,,,,,,,,,,,,,,,,,,,,,,,,,,,,,,,,,,,,,,,,,,,,,,,,,,,,,,,,,,,,,,,,,,,,,,,,,,,,,,,,,,,,,,,,,,,,,,,,,,,,,,,,,,
cow_bite,73c745847dc41f6e0c54fefcadfd13613a200d58b7073017124483409638c9be_1.mp4,1,0,4,10,15,,,,,,,,,,,,,,,,,,,,,,,,,,,,,,,,,,,,,,,,,,,,,,,,,,,,,,,,,,,,,,,,,,,,,,,,,,,,,,,,,,,,,,,,,,,,,,,,,,,,,,,,,,,,,,,,,,,,,,,,,,,,,,,,,,,,,,,,
cow_bite,74ca4423b3f022a944a4f84d4c57a31c715f69041e3cc5911de83ef128a94b7f_1.mp4,6,0,7,18,23,34,43,55,62,73,80,90,98,110,,,,,,,,,,,,,,,,,,,,,,,,,,,,,,,,,,,,,,,,,,,,,,,,,,,,,,,,,,,,,,,,,,,,,,,,,,,,,,,,,,,,,,,,,,,,,,,,,,,,,,,,,,,,,,,,,,,,,,,,,,,,,,,
cow_bite,85ff8081163fa72a539d5215af9e01f86a078178bd0b2f4b93c71ba033ab456a_1.mp4,13,0,10,20,26,36,43,54,59,67,74,83,90,99,104,116,122,131,136,148,153,164,169,180,185,194,201,209,216,,,,,,,,,,,,,,,,,,,,,,,,,,,,,,,,,,,,,,,,,,,,,,,,,,,,,,,,,,,,,,,,,,,,,,,,,,,,,,,,,,,,,,,,,,,,,,,,,,,,,,,,,,,,,,,,
cow_bite,85ff8081163fa72a539d5215af9e01f86a078178bd0b2f4b93c71ba033ab456a_2.mp4,14,0,6,16,21,30,37,46,53,60,68,78,83,91,98,107,113,123,130,139,147,156,162,170,178,188,194,204,211,219,227,,,,,,,,,,,,,,,,,,,,,,,,,,,,,,,,,,,,,,,,,,,,,,,,,,,,,,,,,,,,,,,,,,,,,,,,,,,,,,,,,,,,,,,,,,,,,,,,,,,,,,,,,,,,,,
cow_bite,85ff8081163fa72a539d5215af9e01f86a078178bd0b2f4b93c71ba033ab456a_3.mp4,13,0,6,16,21,31,36,46,52,60,67,77,83,92,99,109,112,122,130,140,147,156,163,171,178,187,195,204,211,,,,,,,,,,,,,,,,,,,,,,,,,,,,,,,,,,,,,,,,,,,,,,,,,,,,,,,,,,,,,,,,,,,,,,,,,,,,,,,,,,,,,,,,,,,,,,,,,,,,,,,,,,,,,,,,
cow_bite,117f0eeafe8d5ac58b984131dff27ba3e285203d3e3ea7d090f300f1e33b3c4b_1.mp4,17,0,6,18,25,39,44,56,61,73,78,90,96,108,114,125,131,142,148,159,166,178,183,194,199,211,218,227,235,245,252,262,268,278,284,294,300,,,,,,,,,,,,,,,,,,,,,,,,,,,,,,,,,,,,,,,,,,,,,,,,,,,,,,,,,,,,,,,,,,,,,,,,,,,,,,,,,,,,,,,,,,,,,,,,,,,,,,,,
cow_bite,743a064e5f68f7acd214bbf9df289c9d6fa16e4f851e321fdfb8a07b80dde08a_1.mp4,14,0,9,21,30,40,48,61,69,81,88,100,107,119,126,137,145,156,164,175,182,194,201,214,222,235,244,254,262,273,281,,,,,,,,,,,,,,,,,,,,,,,,,,,,,,,,,,,,,,,,,,,,,,,,,,,,,,,,,,,,,,,,,,,,,,,,,,,,,,,,,,,,,,,,,,,,,,,,,,,,,,,,,,,,,,
cow_bite,743a064e5f68f7acd214bbf9df289c9d6fa16e4f851e321fdfb8a07b80dde08a_2.mp4,11,0,7,17,25,35,43,55,63,73,81,91,99,112,120,131,138,149,158,171,176,187,195,208,213,,,,,,,,,,,,,,,,,,,,,,,,,,,,,,,,,,,,,,,,,,,,,,,,,,,,,,,,,,,,,,,,,,,,,,,,,,,,,,,,,,,,,,,,,,,,,,,,,,,,,,,,,,,,,,,,,,,,
cow_bite,056837a2b71e7d93ad65e388dbb0c670a0a440c3ba4f88d82d728ff49d77844c_1.mp4,12,0,5,17,23,35,41,51,57,70,75,86,94,104,111,123,129,139,144,154,163,173,179,189,195,205,211,,,,,,,,,,,,,,,,,,,,,,,,,,,,,,,,,,,,,,,,,,,,,,,,,,,,,,,,,,,,,,,,,,,,,,,,,,,,,,,,,,,,,,,,,,,,,,,,,,,,,,,,,,,,,,,,,,
cow_bite,95040dc15ce9ada82353103a13d1b395c937a9ea6747159f631bfa492b98373f_1.mp4,13,0,7,22,29,42,49,60,68,79,86,97,104,116,124,136,143,153,160,172,179,192,199,211,217,229,238,247,256,,,,,,,,,,,,,,,,,,,,,,,,,,,,,,,,,,,,,,,,,,,,,,,,,,,,,,,,,,,,,,,,,,,,,,,,,,,,,,,,,,,,,,,,,,,,,,,,,,,,,,,,,,,,,,,,
cow_bite,95040dc15ce9ada82353103a13d1b395c937a9ea6747159f631bfa492b98373f_2.mp4,13,0,6,18,25,38,45,56,63,75,84,96,102,114,121,131,139,150,157,168,175,185,192,206,211,223,230,241,248,,,,,,,,,,,,,,,,,,,,,,,,,,,,,,,,,,,,,,,,,,,,,,,,,,,,,,,,,,,,,,,,,,,,,,,,,,,,,,,,,,,,,,,,,,,,,,,,,,,,,,,,,,,,,,,,
cow_bite,95040dc15ce9ada82353103a13d1b395c937a9ea6747159f631bfa492b98373f_3.mp4,11,0,7,19,26,37,44,54,61,73,79,91,98,109,115,127,134,144,154,165,171,183,189,197,207,,,,,,,,,,,,,,,,,,,,,,,,,,,,,,,,,,,,,,,,,,,,,,,,,,,,,,,,,,,,,,,,,,,,,,,,,,,,,,,,,,,,,,,,,,,,,,,,,,,,,,,,,,,,,,,,,,,,
cow_bite,95040dc15ce9ada82353103a13d1b395c937a9ea6747159f631bfa492b98373f_4.mp4,17,0,7,18,25,36,44,53,61,73,82,90,98,111,118,129,135,146,153,162,169,180,187,197,204,215,222,233,247,258,264,276,283,294,301,312,321,,,,,,,,,,,,,,,,,,,,,,,,,,,,,,,,,,,,,,,,,,,,,,,,,,,,,,,,,,,,,,,,,,,,,,,,,,,,,,,,,,,,,,,,,,,,,,,,,,,,,,,,
cow_bite,95040dc15ce9ada82353103a13d1b395c937a9ea6747159f631bfa492b98373f_5.mp4,9,0,7,18,26,33,40,51,59,68,75,87,93,104,109,122,126,137,144,153,161,,,,,,,,,,,,,,,,,,,,,,,,,,,,,,,,,,,,,,,,,,,,,,,,,,,,,,,,,,,,,,,,,,,,,,,,,,,,,,,,,,,,,,,,,,,,,,,,,,,,,,,,,,,,,,,,,,,,,,,,
cow_bite,a08cd526a4dda562d02e7c1abc655fe1726c908ec696fca4b533e0a84312205b_1.mp4,4,0,28,80,103,153,180,238,276,328,349,,,,,,,,,,,,,,,,,,,,,,,,,,,,,,,,,,,,,,,,,,,,,,,,,,,,,,,,,,,,,,,,,,,,,,,,,,,,,,,,,,,,,,,,,,,,,,,,,,,,,,,,,,,,,,,,,,,,,,,,,,,,,,,,,,
cow_bite,b5347ffb6bbbbbc94ac468bf69dfdf119ca4334ed4973a766baf803a7399af95_1.mp4,12,0,13,26,35,49,62,79,89,102,111,125,135,149,155,169,178,189,200,211,222,236,244,255,267,277,286,,,,,,,,,,,,,,,,,,,,,,,,,,,,,,,,,,,,,,,,,,,,,,,,,,,,,,,,,,,,,,,,,,,,,,,,,,,,,,,,,,,,,,,,,,,,,,,,,,,,,,,,,,,,,,,,,,
cow_bite,bc55bbdacb62113d0ca532f3d9ed246563c8fa4745f5d86b7e3f8d5ff63d4137_1.mp4,5,0,14,32,43,59,68,86,98,114,123,137,155,,,,,,,,,,,,,,,,,,,,,,,,,,,,,,,,,,,,,,,,,,,,,,,,,,,,,,,,,,,,,,,,,,,,,,,,,,,,,,,,,,,,,,,,,,,,,,,,,,,,,,,,,,,,,,,,,,,,,,,,,,,,,,,,
cow_bite,c81785443adb4396f41032f03038f66f5772097bd7bf6f58ca4b2552d12255ec_1.mp4,1,0,5,14,19,,,,,,,,,,,,,,,,,,,,,,,,,,,,,,,,,,,,,,,,,,,,,,,,,,,,,,,,,,,,,,,,,,,,,,,,,,,,,,,,,,,,,,,,,,,,,,,,,,,,,,,,,,,,,,,,,,,,,,,,,,,,,,,,,,,,,,,,
cow_bite,caa5e097d4d523448fefdcb1926de02fb9c420bc246ea35dc12d27c4881ff5a4_1.mp4,5,0,7,17,26,37,45,55,64,75,83,92,101,,,,,,,,,,,,,,,,,,,,,,,,,,,,,,,,,,,,,,,,,,,,,,,,,,,,,,,,,,,,,,,,,,,,,,,,,,,,,,,,,,,,,,,,,,,,,,,,,,,,,,,,,,,,,,,,,,,,,,,,,,,,,,,,
cow_bite,d22ff64fcde2391afb2df7381a24370f7152a727144b9b44ac4d2a82a84dddcc_1.mp4,6,0,8,22,30,40,50,62,72,84,92,105,113,128,136,,,,,,,,,,,,,,,,,,,,,,,,,,,,,,,,,,,,,,,,,,,,,,,,,,,,,,,,,,,,,,,,,,,,,,,,,,,,,,,,,,,,,,,,,,,,,,,,,,,,,,,,,,,,,,,,,,,,,,,,,,,,,,
cow_bite,d40739c2aa4b801a2eda2bbb8a554a6ff85e3fc331b719fb52af72bf43224086_1.mp4,9,0,5,12,18,26,31,39,44,52,57,65,70,78,82,91,96,102,107,115,120,,,,,,,,,,,,,,,,,,,,,,,,,,,,,,,,,,,,,,,,,,,,,,,,,,,,,,,,,,,,,,,,,,,,,,,,,,,,,,,,,,,,,,,,,,,,,,,,,,,,,,,,,,,,,,,,,,,,,,,,
cow_bite,d40739c2aa4b801a2eda2bbb8a554a6ff85e3fc331b719fb52af72bf43224086_2.mp4,19,0,4,12,16,23,27,34,41,48,65,78,80,89,94,101,109,115,119,126,130,137,144,151,160,169,174,181,186,194,199,208,212,219,225,233,237,244,251,258,263,,,,,,,,,,,,,,,,,,,,,,,,,,,,,,,,,,,,,,,,,,,,,,,,,,,,,,,,,,,,,,,,,,,,,,,,,,,,,,,,,,,,,,,,,,,,,,,,,,,,
cow_bite,d40739c2aa4b801a2eda2bbb8a554a6ff85e3fc331b719fb52af72bf43224086_3.mp4,3,0,5,13,18,26,30,37,43,,,,,,,,,,,,,,,,,,,,,,,,,,,,,,,,,,,,,,,,,,,,,,,,,,,,,,,,,,,,,,,,,,,,,,,,,,,,,,,,,,,,,,,,,,,,,,,,,,,,,,,,,,,,,,,,,,,,,,,,,,,,,,,,,,,,
cow_bite,e8793e070b7f0381aef1a8f802010929abf59e7dd0014be27be3844ff54ae181_1.mp4,6,0,5,14,22,30,38,47,53,62,70,78,86,96,,,,,,,,,,,,,,,,,,,,,,,,,,,,,,,,,,,,,,,,,,,,,,,,,,,,,,,,,,,,,,,,,,,,,,,,,,,,,,,,,,,,,,,,,,,,,,,,,,,,,,,,,,,,,,,,,,,,,,,,,,,,,,,
cow_bite,ed504fc41cd8eebaf15e43dd858dab5aaadcec172a4773f903e6dfcf8791b38e_1.mp4,5,0,9,20,26,38,45,55,62,73,82,93,99,,,,,,,,,,,,,,,,,,,,,,,,,,,,,,,,,,,,,,,,,,,,,,,,,,,,,,,,,,,,,,,,,,,,,,,,,,,,,,,,,,,,,,,,,,,,,,,,,,,,,,,,,,,,,,,,,,,,,,,,,,,,,,,,
cow_bite,feb97b320995fe195983ba0f113d680b03cce3816b410a3c637496faf6271f61.mp4,4,25,44,70,84,114,127,155,170,197,213,,,,,,,,,,,,,,,,,,,,,,,,,,,,,,,,,,,,,,,,,,,,,,,,,,,,,,,,,,,,,,,,,,,,,,,,,,,,,,,,,,,,,,,,,,,,,,,,,,,,,,,,,,,,,,,,,,,,,,,,,,,,,,,,,,
cow_bite,fe7526605ea2aa760f578bbbddad07892a26c8d1ed4b4691e75c360a6cd65ab0.mp4,5,11,20,31,43,54,67,79,91,101,110,121,,,,,,,,,,,,,,,,,,,,,,,,,,,,,,,,,,,,,,,,,,,,,,,,,,,,,,,,,,,,,,,,,,,,,,,,,,,,,,,,,,,,,,,,,,,,,,,,,,,,,,,,,,,,,,,,,,,,,,,,,,,,,,,,,
cow_bite,fe83bc29e09b0db2ec041dc874d038bc680f7e744dc4f8d737f07c4d416b7af3.mp4,8,0,51,64,77,89,102,114,129,142,171,194,209,231,253,268,288,304,,,,,,,,,,,,,,,,,,,,,,,,,,,,,,,,,,,,,,,,,,,,,,,,,,,,,,,,,,,,,,,,,,,,,,,,,,,,,,,,,,,,,,,,,,,,,,,,,,,,,,,,,,,,,,,,,,,,,,,,,,,
cow_bite,fdcd8d8508d43fb830c984be0abb3030e04a85a4b2181985f2746318ecc24f38.mp4,10,7,16,27,38,48,59,70,80,91,99,110,123,135,143,153,164,175,185,196,205,218,,,,,,,,,,,,,,,,,,,,,,,,,,,,,,,,,,,,,,,,,,,,,,,,,,,,,,,,,,,,,,,,,,,,,,,,,,,,,,,,,,,,,,,,,,,,,,,,,,,,,,,,,,,,,,,,,,,,,,,
cow_bite,fc69a586f9ad91ddaa128945a1de146ea9f382819d51b5e66cdcfa887e3ca45e.mp4,12,14,32,47,63,76,89,103,119,135,144,155,167,181,190,203,215,231,240,252,264,275,289,298,312,322,346,,,,,,,,,,,,,,,,,,,,,,,,,,,,,,,,,,,,,,,,,,,,,,,,,,,,,,,,,,,,,,,,,,,,,,,,,,,,,,,,,,,,,,,,,,,,,,,,,,,,,,,,,,,,,,,,,,
cow_bite,f7888f45e591c664073dfbf522a0d20d9704e23600303a9cefcb9db21a184c94.mp4,9,13,23,38,45,59,68,78,89,100,109,123,132,147,155,167,177,185,201,215,223,,,,,,,,,,,,,,,,,,,,,,,,,,,,,,,,,,,,,,,,,,,,,,,,,,,,,,,,,,,,,,,,,,,,,,,,,,,,,,,,,,,,,,,,,,,,,,,,,,,,,,,,,,,,,,,,,,,,,,,,
cow_bite,f82d9a4bb8c7aba597139045ae76cb8a894d973583930a62ce8a95d91e42a873.mp4,21,0,16,28,36,50,57,71,79,94,103,113,124,137,148,160,166,180,191,200,211,220,234,246,255,270,284,297,306,315,328,339,347,357,371,383,392,404,414,422,434,446,454,463,474,,,,,,,,,,,,,,,,,,,,,,,,,,,,,,,,,,,,,,,,,,,,,,,,,,,,,,,,,,,,,,,,,,,,,,,,,,,,,,,,,,,,,,,,,,,,,,,,
cow_bite,f7eb82448e042f7c57f0603d09fa2d86ed62aa4070ec58006aa014d8c704a290.mp4,6,0,28,61,79,113,133,164,186,216,233,270,287,318,335,,,,,,,,,,,,,,,,,,,,,,,,,,,,,,,,,,,,,,,,,,,,,,,,,,,,,,,,,,,,,,,,,,,,,,,,,,,,,,,,,,,,,,,,,,,,,,,,,,,,,,,,,,,,,,,,,,,,,,,,,,,,,,
cow_bite,f3e33a5872b66c70bf989dfcddbb1345394f45a9551ff2c9f25c65ea6f735205.mp4,4,21,40,58,89,108,129,152,165,187,,,,,,,,,,,,,,,,,,,,,,,,,,,,,,,,,,,,,,,,,,,,,,,,,,,,,,,,,,,,,,,,,,,,,,,,,,,,,,,,,,,,,,,,,,,,,,,,,,,,,,,,,,,,,,,,,,,,,,,,,,,,,,,,,,,
cow_bite,f1d7776709de43cf15b296f7410215dc01337eaafbef601f88711ded104228f7.mp4,10,0,15,29,42,56,72,85,102,117,131,145,152,170,181,195,203,216,225,240,246,260,269,,,,,,,,,,,,,,,,,,,,,,,,,,,,,,,,,,,,,,,,,,,,,,,,,,,,,,,,,,,,,,,,,,,,,,,,,,,,,,,,,,,,,,,,,,,,,,,,,,,,,,,,,,,,,,,,,,,,,,
cow_bite,ef873c07441832ae0e3a1180765f29725d224b26bd94b5d3ab8b3832a02dec0e.mp4,8,0,19,43,62,94,111,139,168,200,214,245,257,287,308,331,353,375,391,,,,,,,,,,,,,,,,,,,,,,,,,,,,,,,,,,,,,,,,,,,,,,,,,,,,,,,,,,,,,,,,,,,,,,,,,,,,,,,,,,,,,,,,,,,,,,,,,,,,,,,,,,,,,,,,,,,,,,,,,,
cow_bite,ede9367b55e3605f0caf6e1ce924c9adf243a0a299714a35727c5bcdffcf9e36.mp4,14,0,39,59,89,126,149,181,204,231,247,277,296,324,348,382,450,486,600,634,670,694,720,749,765,798,815,846,874,900,921,,,,,,,,,,,,,,,,,,,,,,,,,,,,,,,,,,,,,,,,,,,,,,,,,,,,,,,,,,,,,,,,,,,,,,,,,,,,,,,,,,,,,,,,,,,,,,,,,,,,,,,,,,,,,,
cow_bite,eaffbbff49adccc10569a1e1f0b0605bcf4d3fb5a73e39843ae67ff5ce1c4bf9.mp4,15,0,13,27,35,49,58,69,78,91,98,113,121,134,141,156,163,175,183,196,203,215,223,237,245,256,267,278,287,300,311,323,333,,,,,,,,,,,,,,,,,,,,,,,,,,,,,,,,,,,,,,,,,,,,,,,,,,,,,,,,,,,,,,,,,,,,,,,,,,,,,,,,,,,,,,,,,,,,,,,,,,,,,,,,,,,,
cow_bite,ea6580627db78ca27cbe8bd1e564904ed87f73d90af88cad7a471a9739aa5ed6.mp4,11,34,59,87,112,137,156,192,212,245,262,284,304,333,351,380,399,424,447,478,493,521,542,572,589,,,,,,,,,,,,,,,,,,,,,,,,,,,,,,,,,,,,,,,,,,,,,,,,,,,,,,,,,,,,,,,,,,,,,,,,,,,,,,,,,,,,,,,,,,,,,,,,,,,,,,,,,,,,,,,,,,,,
cow_bite,e7602fc66ce71be9449c073a7339f9d046bd068392f8e54fdc21e4a79c512049.mp4,8,30,43,73,91,123,139,170,188,220,236,265,288,318,333,360,382,407,431,,,,,,,,,,,,,,,,,,,,,,,,,,,,,,,,,,,,,,,,,,,,,,,,,,,,,,,,,,,,,,,,,,,,,,,,,,,,,,,,,,,,,,,,,,,,,,,,,,,,,,,,,,,,,,,,,,,,,,,,,,
cow_bite,e58e005e17f5193beda1345938f6af3a0419de51f6fea4ee067e035c5f03b589.mp4,8,5,16,31,42,54,68,85,94,108,120,134,146,158,168,181,190,201,,,,,,,,,,,,,,,,,,,,,,,,,,,,,,,,,,,,,,,,,,,,,,,,,,,,,,,,,,,,,,,,,,,,,,,,,,,,,,,,,,,,,,,,,,,,,,,,,,,,,,,,,,,,,,,,,,,,,,,,,,,
cow_bite,ded6b788fb1b11a777d74b6bc7224c7b06453061f7db2fbb2e36f5c881b03830.mp4,15,103,149,189,205,241,261,289,308,330,356,375,405,436,457,491,510,541,552,583,605,637,651,681,697,730,749,840,851,872,900,928,958,,,,,,,,,,,,,,,,,,,,,,,,,,,,,,,,,,,,,,,,,,,,,,,,,,,,,,,,,,,,,,,,,,,,,,,,,,,,,,,,,,,,,,,,,,,,,,,,,,,,,,,,,,,,
cow_bite,dccdc97751e3e356755689824bf932d54821379c67186e6f327f7c5eceddbba0.mp4,5,1,31,62,84,114,136,160,187,213,237,263,289,,,,,,,,,,,,,,,,,,,,,,,,,,,,,,,,,,,,,,,,,,,,,,,,,,,,,,,,,,,,,,,,,,,,,,,,,,,,,,,,,,,,,,,,,,,,,,,,,,,,,,,,,,,,,,,,,,,,,,,,,,,,,,,,
cow_bite,dc875d8a8bdbfe5b4c39ffcfe418c6da99118511b8fddc9af037b59a5b757951.mp4,10,355,390,419,433,446,484,505,518,540,556,578,592,607,636,650,673,686,699,720,742,773,790,,,,,,,,,,,,,,,,,,,,,,,,,,,,,,,,,,,,,,,,,,,,,,,,,,,,,,,,,,,,,,,,,,,,,,,,,,,,,,,,,,,,,,,,,,,,,,,,,,,,,,,,,,,,,,,,,,,,,,
cow_bite,d1884fb76615e45ab28e5168d363b290579124557ac33384e5fa47bbcf4ae91a.mp4,4,18,49,75,96,122,143,171,182,217,520,,,,,,,,,,,,,,,,,,,,,,,,,,,,,,,,,,,,,,,,,,,,,,,,,,,,,,,,,,,,,,,,,,,,,,,,,,,,,,,,,,,,,,,,,,,,,,,,,,,,,,,,,,,,,,,,,,,,,,,,,,,,,,,,,,
cow_bite,d25b4d298c251627d42c098fbbae62c7a1c0dba504a0734e02ddfb67548a8962.mp4,9,40,59,89,112,145,164,195,212,244,268,315,362,388,404,431,452,483,503,528,,,,,,,,,,,,,,,,,,,,,,,,,,,,,,,,,,,,,,,,,,,,,,,,,,,,,,,,,,,,,,,,,,,,,,,,,,,,,,,,,,,,,,,,,,,,,,,,,,,,,,,,,,,,,,,,,,,,,,,,,
cow_bite,ce713c29d4cd57afcb02770c92f11b73a3eb30a329e6ff04f74444bd03ecbf9c.mp4,9,1,35,71,97,121,144,173,195,223,248,272,295,319,339,376,396,419,442,477,494,,,,,,,,,,,,,,,,,,,,,,,,,,,,,,,,,,,,,,,,,,,,,,,,,,,,,,,,,,,,,,,,,,,,,,,,,,,,,,,,,,,,,,,,,,,,,,,,,,,,,,,,,,,,,,,,,,,,,,,,
cow_bite,cc430c9436fb81a8ad4bf427207299f922281559e5b8b33204f07f8c3e8469ba.mp4,12,57,71,105,125,161,175,199,215,249,270,306,317,343,364,393,408,437,460,491,504,535,559,592,608,636,659,,,,,,,,,,,,,,,,,,,,,,,,,,,,,,,,,,,,,,,,,,,,,,,,,,,,,,,,,,,,,,,,,,,,,,,,,,,,,,,,,,,,,,,,,,,,,,,,,,,,,,,,,,,,,,,,,,
cow_bite,c84389d26efdcfa6df0f766861de62617ff976c3be7457609cd83e276c6a388c.mp4,11,29,44,75,91,117,137,169,190,221,236,259,286,317,332,360,380,405,429,459,479,500,532,559,583,,,,,,,,,,,,,,,,,,,,,,,,,,,,,,,,,,,,,,,,,,,,,,,,,,,,,,,,,,,,,,,,,,,,,,,,,,,,,,,,,,,,,,,,,,,,,,,,,,,,,,,,,,,,,,,,,,,,
cow_bite,c57babb72c54978750369f7c1a079c9be58fba18ecb1e165f435abe03dd94ee5.mp4,10,31,58,91,105,143,159,189,207,243,262,291,307,343,357,392,408,436,458,479,506,528,550,,,,,,,,,,,,,,,,,,,,,,,,,,,,,,,,,,,,,,,,,,,,,,,,,,,,,,,,,,,,,,,,,,,,,,,,,,,,,,,,,,,,,,,,,,,,,,,,,,,,,,,,,,,,,,,,,,,,,,
cow_bite,c03ce90fcd64ab22d60e65d5a4aeca931cb1f009b19a392edd076324ead2bc59.mp4,1,0,7,19,35,,,,,,,,,,,,,,,,,,,,,,,,,,,,,,,,,,,,,,,,,,,,,,,,,,,,,,,,,,,,,,,,,,,,,,,,,,,,,,,,,,,,,,,,,,,,,,,,,,,,,,,,,,,,,,,,,,,,,,,,,,,,,,,,,,,,,,,,
cow_bite,c3a5ff137274f12038e9941c30be194f54fe216c918ac0916644cedd7e3a0cdf.mp4,13,0,10,28,34,45,56,70,79,92,101,115,125,139,145,157,170,182,189,204,213,230,235,251,258,272,281,297,305,,,,,,,,,,,,,,,,,,,,,,,,,,,,,,,,,,,,,,,,,,,,,,,,,,,,,,,,,,,,,,,,,,,,,,,,,,,,,,,,,,,,,,,,,,,,,,,,,,,,,,,,,,,,,,,,
cow_bite,c2a42eaef13bcaead751c9d462b59d2ba2c2a8d0159e74267b4696f8adbdd42e.mp4,5,0,8,21,41,55,75,93,105,117,143,162,173,,,,,,,,,,,,,,,,,,,,,,,,,,,,,,,,,,,,,,,,,,,,,,,,,,,,,,,,,,,,,,,,,,,,,,,,,,,,,,,,,,,,,,,,,,,,,,,,,,,,,,,,,,,,,,,,,,,,,,,,,,,,,,,,
cow_bite,c1f4e053a2914c2641dfe7ca4bb9dead884f8a2fb3588ec2f0c22a305476ff9e.mp4,2,87,92,108,120,137,153,,,,,,,,,,,,,,,,,,,,,,,,,,,,,,,,,,,,,,,,,,,,,,,,,,,,,,,,,,,,,,,,,,,,,,,,,,,,,,,,,,,,,,,,,,,,,,,,,,,,,,,,,,,,,,,,,,,,,,,,,,,,,,,,,,,,,,
cow_bite,ba631ebaf936ad8a6cbddb6a2f048f1905681abaef506dc4200a5ed74399582c.mp4,3,0,26,53,74,97,121,142,169,,,,,,,,,,,,,,,,,,,,,,,,,,,,,,,,,,,,,,,,,,,,,,,,,,,,,,,,,,,,,,,,,,,,,,,,,,,,,,,,,,,,,,,,,,,,,,,,,,,,,,,,,,,,,,,,,,,,,,,,,,,,,,,,,,,,
cow_bite,b5083eb896ceb584dbb9cb241ece2fa0a1793e354165a9ec1b61e0453aa24b9c.mp4,11,30,49,76,98,123,141,164,188,208,234,260,281,309,330,354,379,405,423,454,473,498,518,545,568,,,,,,,,,,,,,,,,,,,,,,,,,,,,,,,,,,,,,,,,,,,,,,,,,,,,,,,,,,,,,,,,,,,,,,,,,,,,,,,,,,,,,,,,,,,,,,,,,,,,,,,,,,,,,,,,,,,,
cow_bite,b677d9397eae6ca4518f985213fbf1ba1a908d9d572399142a0da91786d0baf0.mp4,5,50,59,85,107,138,155,186,200,228,244,276,,,,,,,,,,,,,,,,,,,,,,,,,,,,,,,,,,,,,,,,,,,,,,,,,,,,,,,,,,,,,,,,,,,,,,,,,,,,,,,,,,,,,,,,,,,,,,,,,,,,,,,,,,,,,,,,,,,,,,,,,,,,,,,,,
cow_bite,b94ce774956ffb27e00df3f7294ebb46e8bd4f7cf6fb3d9eb2b520a3586d966a.mp4,5,0,22,46,79,104,121,148,161,191,243,273,,,,,,,,,,,,,,,,,,,,,,,,,,,,,,,,,,,,,,,,,,,,,,,,,,,,,,,,,,,,,,,,,,,,,,,,,,,,,,,,,,,,,,,,,,,,,,,,,,,,,,,,,,,,,,,,,,,,,,,,,,,,,,,,,
cow_bite,b5e631dede20d10012dcfae4524c384024bf47dc3902b2f2c7e8db15c0423ae2.mp4,5,15,31,66,78,111,127,153,179,201,226,252,273,,,,,,,,,,,,,,,,,,,,,,,,,,,,,,,,,,,,,,,,,,,,,,,,,,,,,,,,,,,,,,,,,,,,,,,,,,,,,,,,,,,,,,,,,,,,,,,,,,,,,,,,,,,,,,,,,,,,,,,,,,,,,,,,
cow_bite,af518a3cade57b066ac84bc9e946ae267ee4d3dcdcdbe550cd6e2e32a277993c.mp4,16,12,21,34,46,61,75,91,104,118,129,141,154,164,177,187,199,210,224,244,256,272,285,301,313,328,342,359,372,387,401,416,430,450,463,,,,,,,,,,,,,,,,,,,,,,,,,,,,,,,,,,,,,,,,,,,,,,,,,,,,,,,,,,,,,,,,,,,,,,,,,,,,,,,,,,,,,,,,,,,,,,,,,,,,,,,,,,
cow_bite,ae58f253f7bf0e90195cfdae063ec903592371a3d4f5d20683ee7d4fdb0e3f0e.mp4,23,8,26,45,58,75,84,100,118,137,151,166,178,195,210,229,243,258,267,281,296,306,321,334,339,357,370,383,392,407,415,430,441,451,462,479,489,504,510,523,537,547,560,575,582,596,608,619,,,,,,,,,,,,,,,,,,,,,,,,,,,,,,,,,,,,,,,,,,,,,,,,,,,,,,,,,,,,,,,,,,,,,,,,,,,,,,,,,,,,,,,,,,,,,
cow_bite,ac41c4d6f732896ddd0679653319f320fa627ab6fe82f6ab153b3637a377904e.mp4,19,10,21,34,42,58,67,79,88,100,110,124,132,144,156,168,180,192,201,218,225,234,247,260,268,280,290,302,312,327,334,349,358,368,375,384,398,406,421,432,441,,,,,,,,,,,,,,,,,,,,,,,,,,,,,,,,,,,,,,,,,,,,,,,,,,,,,,,,,,,,,,,,,,,,,,,,,,,,,,,,,,,,,,,,,,,,,,,,,,,,
cow_bite,ac1a1c418e6d4d04ee891b39e6d8a9b937a4af53d21346e7987d56c07c64dda9.mp4,18,0,35,72,86,116,140,172,184,215,230,273,285,315,332,361,377,408,428,456,470,501,515,545,574,602,620,658,672,703,750,777,798,828,842,873,1148,1184,1206,,,,,,,,,,,,,,,,,,,,,,,,,,,,,,,,,,,,,,,,,,,,,,,,,,,,,,,,,,,,,,,,,,,,,,,,,,,,,,,,,,,,,,,,,,,,,,,,,,,,,,
cow_bite,abea16cfa74f1c4a25618d8b040e52c53bd7be87ce293c729a5755c69c8dde67.mp4,2,23,37,59,72,99,,,,,,,,,,,,,,,,,,,,,,,,,,,,,,,,,,,,,,,,,,,,,,,,,,,,,,,,,,,,,,,,,,,,,,,,,,,,,,,,,,,,,,,,,,,,,,,,,,,,,,,,,,,,,,,,,,,,,,,,,,,,,,,,,,,,,,,
cow_bite,ab1d0fa4007302b243fe60e1bf6ff35c02b175d75e4c72ed1553f3a435aff15f.mp4,11,26,43,70,88,113,129,164,191,219,240,267,281,311,324,346,374,397,420,455,470,487,515,547,566,,,,,,,,,,,,,,,,,,,,,,,,,,,,,,,,,,,,,,,,,,,,,,,,,,,,,,,,,,,,,,,,,,,,,,,,,,,,,,,,,,,,,,,,,,,,,,,,,,,,,,,,,,,,,,,,,,,,
cow_bite,aa1970602981e86ee306ddfb35c9b5c90823b1edc327d445d4e03f57cf172e41.mp4,4,23,44,76,93,117,138,165,186,211,237,,,,,,,,,,,,,,,,,,,,,,,,,,,,,,,,,,,,,,,,,,,,,,,,,,,,,,,,,,,,,,,,,,,,,,,,,,,,,,,,,,,,,,,,,,,,,,,,,,,,,,,,,,,,,,,,,,,,,,,,,,,,,,,,,,
cow_bite,a89883217da99854c26ee3c1dc46a498001efa08c207170caf0886a5a50318cf.mp4,1,5,33,58,,,,,,,,,,,,,,,,,,,,,,,,,,,,,,,,,,,,,,,,,,,,,,,,,,,,,,,,,,,,,,,,,,,,,,,,,,,,,,,,,,,,,,,,,,,,,,,,,,,,,,,,,,,,,,,,,,,,,,,,,,,,,,,,,,,,,,,,,
cow_bite,a7756c50e773283e7b18f3b25c4188bdfdc52af1c15bb3c3dda263419f5bcfba.mp4,2,12,22,33,43,55,,,,,,,,,,,,,,,,,,,,,,,,,,,,,,,,,,,,,,,,,,,,,,,,,,,,,,,,,,,,,,,,,,,,,,,,,,,,,,,,,,,,,,,,,,,,,,,,,,,,,,,,,,,,,,,,,,,,,,,,,,,,,,,,,,,,,,,
cow_bite,a56e05892b8abb080e44a649bb8ba38c59c5218f7dfae711540cc719ec9dac56.mp4,8,32,48,78,98,126,142,168,186,208,234,263,279,312,327,362,377,408,424,,,,,,,,,,,,,,,,,,,,,,,,,,,,,,,,,,,,,,,,,,,,,,,,,,,,,,,,,,,,,,,,,,,,,,,,,,,,,,,,,,,,,,,,,,,,,,,,,,,,,,,,,,,,,,,,,,,,,,,,,,
cow_bite,a8be22119034fca4c01bcfd1e4f3eb47b48c606d8be2b71174ddd0d6b401d44a.mp4,7,38,57,90,107,136,169,194,212,238,264,294,318,337,364,397,421,,,,,,,,,,,,,,,,,,,,,,,,,,,,,,,,,,,,,,,,,,,,,,,,,,,,,,,,,,,,,,,,,,,,,,,,,,,,,,,,,,,,,,,,,,,,,,,,,,,,,,,,,,,,,,,,,,,,,,,,,,,,
cow_bite,a7f7e493452659c3110c85cabccbd2af3735740ca3c98ca920efe2e139a83e62.mp4,12,24,40,63,79,102,113,132,149,165,184,209,220,242,268,281,296,321,334,345,378,403,424,453,470,489,,,,,,,,,,,,,,,,,,,,,,,,,,,,,,,,,,,,,,,,,,,,,,,,,,,,,,,,,,,,,,,,,,,,,,,,,,,,,,,,,,,,,,,,,,,,,,,,,,,,,,,,,,,,,,,,,,,
cow_bite,706851a4706f0cf4897cf9d271f59ed13b6274fa2b1e0bbd9eadc13f6d876c40.mp4,9,0,17,56,70,103,120,146,164,194,210,232,262,283,308,330,345,375,399,419,450,,,,,,,,,,,,,,,,,,,,,,,,,,,,,,,,,,,,,,,,,,,,,,,,,,,,,,,,,,,,,,,,,,,,,,,,,,,,,,,,,,,,,,,,,,,,,,,,,,,,,,,,,,,,,,,,,,,,,,,,
cow_bite,609971ded88822d89f44dfe704b5187e0cedb3bbdd31ca0b472dd80b25069bc7.mp4,3,51,73,101,126,153,172,195,218,,,,,,,,,,,,,,,,,,,,,,,,,,,,,,,,,,,,,,,,,,,,,,,,,,,,,,,,,,,,,,,,,,,,,,,,,,,,,,,,,,,,,,,,,,,,,,,,,,,,,,,,,,,,,,,,,,,,,,,,,,,,,,,,,,,,
cow_bite,361912b820faf4aaa70e46b1f7e1ec84c6d21630ce482e1a73af733889e384b1.mp4,5,0,8,22,32,45,56,69,80,89,101,112,,,,,,,,,,,,,,,,,,,,,,,,,,,,,,,,,,,,,,,,,,,,,,,,,,,,,,,,,,,,,,,,,,,,,,,,,,,,,,,,,,,,,,,,,,,,,,,,,,,,,,,,,,,,,,,,,,,,,,,,,,,,,,,,,
cow_bite,97416dde29a69a3b9250180667c6c9cf5c9c7f419fadb080c00345b773699215.mp4,14,0,32,67,82,118,134,172,183,219,231,258,288,317,335,367,388,415,433,463,482,516,540,576,587,623,639,669,687,717,736,,,,,,,,,,,,,,,,,,,,,,,,,,,,,,,,,,,,,,,,,,,,,,,,,,,,,,,,,,,,,,,,,,,,,,,,,,,,,,,,,,,,,,,,,,,,,,,,,,,,,,,,,,,,,,
cow_bite,89485b00006514b4866cb042c11a3a4622be5e5609810b0b6513232f309f13cc.mp4,4,0,6,66,73,82,95,108,119,130,,,,,,,,,,,,,,,,,,,,,,,,,,,,,,,,,,,,,,,,,,,,,,,,,,,,,,,,,,,,,,,,,,,,,,,,,,,,,,,,,,,,,,,,,,,,,,,,,,,,,,,,,,,,,,,,,,,,,,,,,,,,,,,,,,,
cow_bite,076333d04af33393f66c8f1c658a7ff4c093d59d7510f7faf3968199ae5f4dc5.mp4,19,9,17,34,42,55,63,73,85,95,106,118,128,141,148,161,170,183,195,205,216,226,237,250,260,272,280,292,301,313,323,334,345,354,365,378,384,396,406,415,,,,,,,,,,,,,,,,,,,,,,,,,,,,,,,,,,,,,,,,,,,,,,,,,,,,,,,,,,,,,,,,,,,,,,,,,,,,,,,,,,,,,,,,,,,,,,,,,,,,,
cow_bite,68441e1032f67befe09b80ff84d47370c2e29dc1439d348ecef369ac9a68b5f0.mp4,10,1,25,60,71,93,120,148,168,194,212,241,264,295,318,348,371,400,419,452,472,498,524,,,,,,,,,,,,,,,,,,,,,,,,,,,,,,,,,,,,,,,,,,,,,,,,,,,,,,,,,,,,,,,,,,,,,,,,,,,,,,,,,,,,,,,,,,,,,,,,,,,,,,,,,,,,,,,,,,,,,,
cow_bite,59796bb1d3b08e260dc50c1d344d01737e875efd0c418cc324d821dc3c9e708d.mp4,8,3,14,28,38,45,61,75,87,99,106,115,125,137,172,183,197,206,,,,,,,,,,,,,,,,,,,,,,,,,,,,,,,,,,,,,,,,,,,,,,,,,,,,,,,,,,,,,,,,,,,,,,,,,,,,,,,,,,,,,,,,,,,,,,,,,,,,,,,,,,,,,,,,,,,,,,,,,,,
cow_bite,31698f06462a1219f096b54d4e79e6a2d2692eabeed58e9f249300e9e3c0f492.mp4,14,15,32,45,55,65,76,91,102,114,126,136,148,158,172,181,193,204,216,228,240,251,261,271,284,297,307,317,330,340,,,,,,,,,,,,,,,,,,,,,,,,,,,,,,,,,,,,,,,,,,,,,,,,,,,,,,,,,,,,,,,,,,,,,,,,,,,,,,,,,,,,,,,,,,,,,,,,,,,,,,,,,,,,,,,
cow_bite,8089db698f96f4dc07d2605b32c5119a2f7df373ea37782940b70064e1673ee2.mp4,20,18,25,38,59,71,79,95,104,116,124,137,148,162,172,184,194,204,216,229,241,252,262,275,286,301,308,320,330,341,353,366,372,386,393,407,416,428,436,449,460,470,479,,,,,,,,,,,,,,,,,,,,,,,,,,,,,,,,,,,,,,,,,,,,,,,,,,,,,,,,,,,,,,,,,,,,,,,,,,,,,,,,,,,,,,,,,,,,,,,,,,
cow_bite,7217d8046c4f4f49041f8d9ff36fddc2c1bdd606d20e189936cd8f5a2d41c4d7.mp4,3,6,20,31,47,62,75,85,,,,,,,,,,,,,,,,,,,,,,,,,,,,,,,,,,,,,,,,,,,,,,,,,,,,,,,,,,,,,,,,,,,,,,,,,,,,,,,,,,,,,,,,,,,,,,,,,,,,,,,,,,,,,,,,,,,,,,,,,,,,,,,,,,,,,
cow_bite,6302b3ae5e0a75173e947a89f3294e5a3cb8a358ebf9f12518567a6e0001f62e.mp4,2,113,135,162,189,220,241,,,,,,,,,,,,,,,,,,,,,,,,,,,,,,,,,,,,,,,,,,,,,,,,,,,,,,,,,,,,,,,,,,,,,,,,,,,,,,,,,,,,,,,,,,,,,,,,,,,,,,,,,,,,,,,,,,,,,,,,,,,,,,,,,,,,,,
cow_bite,04984a0addb621222abdcf44b8ddde0c5c4b5a1df6b6a1b6bbd0f141faa00408.mp4,2,88,102,124,131,146,158,,,,,,,,,,,,,,,,,,,,,,,,,,,,,,,,,,,,,,,,,,,,,,,,,,,,,,,,,,,,,,,,,,,,,,,,,,,,,,,,,,,,,,,,,,,,,,,,,,,,,,,,,,,,,,,,,,,,,,,,,,,,,,,,,,,,,,
cow_bite,4819c1c66e92b07dd36dbdabe50f5c87eef78897dc2bc3c59a12f0850e6e57e6.mp4,9,7,16,31,47,60,68,83,90,104,111,124,131,145,151,165,181,192,205,213,222,,,,,,,,,,,,,,,,,,,,,,,,,,,,,,,,,,,,,,,,,,,,,,,,,,,,,,,,,,,,,,,,,,,,,,,,,,,,,,,,,,,,,,,,,,,,,,,,,,,,,,,,,,,,,,,,,,,,,,,,
cow_bite,4331fd2e392fa76c1f1d29e02d7e81e61511fcd07993197bd2bf12b3be6b0292.mp4,21,269,296,329,350,380,400,428,445,470,486,512,533,567,586,607,625,660,678,697,720,745,762,792,815,843,864,887,912,940,963,991,1011,1033,1095,1123,1148,1173,1197,1222,1238,1264,1291,1317,1336,,,,,,,,,,,,,,,,,,,,,,,,,,,,,,,,,,,,,,,,,,,,,,,,,,,,,,,,,,,,,,,,,,,,,,,,,,,,,,,,,,,,,,,,,,,,,,,,
cow_bite,3096a7faf2d7ad11f84f2d0897baf88c6eb8d57db76576ab0d1e443892c6ab4c.mp4,14,7,22,41,59,86,98,122,139,166,184,204,226,246,267,285,307,330,354,377,398,422,443,463,484,504,532,551,573,597,609,,,,,,,,,,,,,,,,,,,,,,,,,,,,,,,,,,,,,,,,,,,,,,,,,,,,,,,,,,,,,,,,,,,,,,,,,,,,,,,,,,,,,,,,,,,,,,,,,,,,,,,,,,,,,,
cow_bite,2998b14f4d720767abbee276e23b7856704728b926966f88e610fe7f7fafccb3.mp4,5,0,22,53,72,98,123,153,169,196,216,235,257,,,,,,,,,,,,,,,,,,,,,,,,,,,,,,,,,,,,,,,,,,,,,,,,,,,,,,,,,,,,,,,,,,,,,,,,,,,,,,,,,,,,,,,,,,,,,,,,,,,,,,,,,,,,,,,,,,,,,,,,,,,,,,,,
cow_bite,1800f4ce17202ecc8f904e1f58e180405d3eac482572f1e44277d1f3204bd990.mp4,20,22,34,51,66,84,93,110,125,138,148,160,173,188,196,210,217,232,240,253,263,275,289,301,311,325,331,348,352,362,375,387,399,410,419,428,440,452,461,471,483,495,503,,,,,,,,,,,,,,,,,,,,,,,,,,,,,,,,,,,,,,,,,,,,,,,,,,,,,,,,,,,,,,,,,,,,,,,,,,,,,,,,,,,,,,,,,,,,,,,,,,
cow_bite,1352f471b13161564c3f832135aed5a3caa6ae875b0957d21544154e0245369b.mp4,14,3,10,23,34,46,56,66,78,91,100,109,124,135,146,157,169,183,193,208,215,230,237,251,260,271,282,296,304,312,325,,,,,,,,,,,,,,,,,,,,,,,,,,,,,,,,,,,,,,,,,,,,,,,,,,,,,,,,,,,,,,,,,,,,,,,,,,,,,,,,,,,,,,,,,,,,,,,,,,,,,,,,,,,,,,
cow_bite,896c9624f015d20f5b681a7e474208cac27514cd0db2b6e6cc355c2b869d5857.mp4,6,100,122,138,151,168,177,197,206,218,231,245,254,269,,,,,,,,,,,,,,,,,,,,,,,,,,,,,,,,,,,,,,,,,,,,,,,,,,,,,,,,,,,,,,,,,,,,,,,,,,,,,,,,,,,,,,,,,,,,,,,,,,,,,,,,,,,,,,,,,,,,,,,,,,,,,,,
cow_bite,780cdcc0fd06bba18f9daed3be727a11a985d6bbf9349e5beb46bd220d86cf64.mp4,7,0,24,55,69,95,121,145,165,191,212,237,264,294,320,352,370,,,,,,,,,,,,,,,,,,,,,,,,,,,,,,,,,,,,,,,,,,,,,,,,,,,,,,,,,,,,,,,,,,,,,,,,,,,,,,,,,,,,,,,,,,,,,,,,,,,,,,,,,,,,,,,,,,,,,,,,,,,,
cow_bite,674cadcac9fd550d7a94437f6e4875531f7f3037ea12afdc600c62453d28c869.mp4,4,36,51,81,101,130,147,176,196,224,250,,,,,,,,,,,,,,,,,,,,,,,,,,,,,,,,,,,,,,,,,,,,,,,,,,,,,,,,,,,,,,,,,,,,,,,,,,,,,,,,,,,,,,,,,,,,,,,,,,,,,,,,,,,,,,,,,,,,,,,,,,,,,,,,,,
cow_bite,637a28ff80ae7629776da7e8275a6258fcbbd617641de62b1d76975b66a4c2db.mp4,10,0,12,44,63,96,112,133,159,187,208,245,260,286,307,338,366,387,400,430,446,468,495,,,,,,,,,,,,,,,,,,,,,,,,,,,,,,,,,,,,,,,,,,,,,,,,,,,,,,,,,,,,,,,,,,,,,,,,,,,,,,,,,,,,,,,,,,,,,,,,,,,,,,,,,,,,,,,,,,,,,,
cow_bite,549a581a8eb4d9e66844c0409c97091b8dd6dd632607739d780cfd503bffbac0.mp4,12,15,27,43,50,66,76,89,101,116,126,138,148,159,174,187,198,210,221,235,247,257,269,284,294,307,317,,,,,,,,,,,,,,,,,,,,,,,,,,,,,,,,,,,,,,,,,,,,,,,,,,,,,,,,,,,,,,,,,,,,,,,,,,,,,,,,,,,,,,,,,,,,,,,,,,,,,,,,,,,,,,,,,,
cow_bite,481a1b44823cade4da232bcdac01893fe88dc684b08f25aa04ebf49341322f5a.mp4,6,0,28,63,89,125,140,167,184,213,232,259,296,324,346,,,,,,,,,,,,,,,,,,,,,,,,,,,,,,,,,,,,,,,,,,,,,,,,,,,,,,,,,,,,,,,,,,,,,,,,,,,,,,,,,,,,,,,,,,,,,,,,,,,,,,,,,,,,,,,,,,,,,,,,,,,,,,
cow_bite,416bb2e70f4c389a83de1d101ce26d359a9f5d241ef97c09737114cd4730f697.mp4,7,43,60,90,112,138,158,189,212,245,262,290,306,328,347,378,396,,,,,,,,,,,,,,,,,,,,,,,,,,,,,,,,,,,,,,,,,,,,,,,,,,,,,,,,,,,,,,,,,,,,,,,,,,,,,,,,,,,,,,,,,,,,,,,,,,,,,,,,,,,,,,,,,,,,,,,,,,,,
cow_bite,348db341e9e54a9d7f436deb5ba2e8fbe39dc587bdb407d0d8d4a777623dbe05.mp4,2,65,97,127,151,178,203,,,,,,,,,,,,,,,,,,,,,,,,,,,,,,,,,,,,,,,,,,,,,,,,,,,,,,,,,,,,,,,,,,,,,,,,,,,,,,,,,,,,,,,,,,,,,,,,,,,,,,,,,,,,,,,,,,,,,,,,,,,,,,,,,,,,,,
cow_bite,96a033f8e127430b92087c0d2c8c631daa06731bd4fff4ef57d2232c9ef15811.mp4,15,45,64,97,118,151,172,197,220,253,274,298,317,352,366,390,412,435,458,485,510,537,551,572,602,622,649,678,693,718,745,766,,,,,,,,,,,,,,,,,,,,,,,,,,,,,,,,,,,,,,,,,,,,,,,,,,,,,,,,,,,,,,,,,,,,,,,,,,,,,,,,,,,,,,,,,,,,,,,,,,,,,,,,,,,,,
cow_bite,81dae2c28b725c2471c29712aced25e92232d3ba39f8fcf20081625624f21ace.mp4,5,28,46,66,87,110,128,150,171,189,213,235,,,,,,,,,,,,,,,,,,,,,,,,,,,,,,,,,,,,,,,,,,,,,,,,,,,,,,,,,,,,,,,,,,,,,,,,,,,,,,,,,,,,,,,,,,,,,,,,,,,,,,,,,,,,,,,,,,,,,,,,,,,,,,,,,
cow_bite,62ec5b88d06157924ecc0e3c7f5a9d5a4323a3fed7e1733897a60137197c2c65.mp4,1,10,31,50,,,,,,,,,,,,,,,,,,,,,,,,,,,,,,,,,,,,,,,,,,,,,,,,,,,,,,,,,,,,,,,,,,,,,,,,,,,,,,,,,,,,,,,,,,,,,,,,,,,,,,,,,,,,,,,,,,,,,,,,,,,,,,,,,,,,,,,,,
cow_bite,058c87c42249d20637e37f1eaa21939c974249d37cb0a123b2a5240cc59d3676.mp4,4,0,16,37,66,85,116,137,167,186,216,,,,,,,,,,,,,,,,,,,,,,,,,,,,,,,,,,,,,,,,,,,,,,,,,,,,,,,,,,,,,,,,,,,,,,,,,,,,,,,,,,,,,,,,,,,,,,,,,,,,,,,,,,,,,,,,,,,,,,,,,,,,,,,,,,
cow_bite,57ae361c428e82cae4b9a716b46170f5c95d876cdc58e97e65a5b26a23255f8d.mp4,8,32,63,97,118,144,164,197,215,319,368,397,419,445,467,503,523,544,580,,,,,,,,,,,,,,,,,,,,,,,,,,,,,,,,,,,,,,,,,,,,,,,,,,,,,,,,,,,,,,,,,,,,,,,,,,,,,,,,,,,,,,,,,,,,,,,,,,,,,,,,,,,,,,,,,,,,,,,,,,
cow_bite,48bcf6a235070d77ac8e254e5a8a823c28a150c65127d2c2d716bf9c48e70666.mp4,6,6,40,72,94,124,145,179,215,249,274,310,346,381,397,,,,,,,,,,,,,,,,,,,,,,,,,,,,,,,,,,,,,,,,,,,,,,,,,,,,,,,,,,,,,,,,,,,,,,,,,,,,,,,,,,,,,,,,,,,,,,,,,,,,,,,,,,,,,,,,,,,,,,,,,,,,,,
cow_bite,40ce4ef2c764e6f9d7437ee6dc40ad3c536245832e33eca47f787c0429cda114.mp4,2,0,18,49,72,102,,,,,,,,,,,,,,,,,,,,,,,,,,,,,,,,,,,,,,,,,,,,,,,,,,,,,,,,,,,,,,,,,,,,,,,,,,,,,,,,,,,,,,,,,,,,,,,,,,,,,,,,,,,,,,,,,,,,,,,,,,,,,,,,,,,,,,,
cow_bite,35e060d4de86d5ee6133d3769cc6391f2a4a39927f652ea0937f1bc5240581cf.mp4,11,0,7,19,27,43,50,64,72,84,94,108,116,129,142,151,158,171,180,192,204,217,228,244,250,,,,,,,,,,,,,,,,,,,,,,,,,,,,,,,,,,,,,,,,,,,,,,,,,,,,,,,,,,,,,,,,,,,,,,,,,,,,,,,,,,,,,,,,,,,,,,,,,,,,,,,,,,,,,,,,,,,,
cow_bite,32ef9becb2f235399b6cd76040a4b666b3c156d5f75e834dd4999c3dbc506851.mp4,3,25,48,80,95,123,142,170,187,,,,,,,,,,,,,,,,,,,,,,,,,,,,,,,,,,,,,,,,,,,,,,,,,,,,,,,,,,,,,,,,,,,,,,,,,,,,,,,,,,,,,,,,,,,,,,,,,,,,,,,,,,,,,,,,,,,,,,,,,,,,,,,,,,,,
cow_bite,18ce190086bbbcf6ed42ee58c5e977eba81f8031d2481da33716efbc3ba48ce8.mp4,11,0,17,48,65,95,109,148,162,190,215,248,272,302,326,359,376,405,426,458,476,507,526,550,569,,,,,,,,,,,,,,,,,,,,,,,,,,,,,,,,,,,,,,,,,,,,,,,,,,,,,,,,,,,,,,,,,,,,,,,,,,,,,,,,,,,,,,,,,,,,,,,,,,,,,,,,,,,,,,,,,,,,
cow_bite,9d0dc2df70c01f685f32a72fb9abcbbcfb8972d3d556f5706d92d966758eb942.mp4,4,39,49,63,75,89,103,116,127,139,152,,,,,,,,,,,,,,,,,,,,,,,,,,,,,,,,,,,,,,,,,,,,,,,,,,,,,,,,,,,,,,,,,,,,,,,,,,,,,,,,,,,,,,,,,,,,,,,,,,,,,,,,,,,,,,,,,,,,,,,,,,,,,,,,,,
cow_bite,8f918d6dc5f91b2b1ae26192af11187c8a3253a761294353835417a8eb111bda.mp4,3,12,37,63,86,110,133,160,181,,,,,,,,,,,,,,,,,,,,,,,,,,,,,,,,,,,,,,,,,,,,,,,,,,,,,,,,,,,,,,,,,,,,,,,,,,,,,,,,,,,,,,,,,,,,,,,,,,,,,,,,,,,,,,,,,,,,,,,,,,,,,,,,,,,,
cow_bite,8f7e53334506373727cd0fae46b35c9569e35d76d07b1e74060ba734eeb07d83.mp4,9,34,49,84,99,131,147,171,191,219,241,267,291,313,335,369,385,413,438,462,479,,,,,,,,,,,,,,,,,,,,,,,,,,,,,,,,,,,,,,,,,,,,,,,,,,,,,,,,,,,,,,,,,,,,,,,,,,,,,,,,,,,,,,,,,,,,,,,,,,,,,,,,,,,,,,,,,,,,,,,,
cow_bite,8c11736283c196b3986453c80c6a0b11003a64771090967ae92c3ec79ca2691c.mp4,12,0,4,17,27,38,48,59,70,82,91,102,110,125,141,155,161,172,184,194,204,216,225,236,245,256,267,,,,,,,,,,,,,,,,,,,,,,,,,,,,,,,,,,,,,,,,,,,,,,,,,,,,,,,,,,,,,,,,,,,,,,,,,,,,,,,,,,,,,,,,,,,,,,,,,,,,,,,,,,,,,,,,,,
cow_bite,8b60ce0ff52fa3b5aeb0eb2f6d7eee787930c6bf1cf56a2b645969bd84cf0a8c.mp4,7,0,16,36,65,89,118,143,168,199,230,250,270,296,320,348,372,,,,,,,,,,,,,,,,,,,,,,,,,,,,,,,,,,,,,,,,,,,,,,,,,,,,,,,,,,,,,,,,,,,,,,,,,,,,,,,,,,,,,,,,,,,,,,,,,,,,,,,,,,,,,,,,,,,,,,,,,,,,
cow_bite,7d1aa2f336566930a4d9c2276bc71192a293789bd82bad2e70203c42d60685b1.mp4,11,0,15,32,37,50,57,67,79,91,99,112,121,131,140,152,160,172,180,191,199,212,221,228,,,,,,,,,,,,,,,,,,,,,,,,,,,,,,,,,,,,,,,,,,,,,,,,,,,,,,,,,,,,,,,,,,,,,,,,,,,,,,,,,,,,,,,,,,,,,,,,,,,,,,,,,,,,,,,,,,,,,
cow_bite,6d537e09cda0c59e391743f9a4e7db5d5ffa17f000259a6b0fc4a8c42a05d1b9.mp4,9,111,137,173,189,223,246,276,289,317,335,366,385,408,428,464,545,567,598,640,693,,,,,,,,,,,,,,,,,,,,,,,,,,,,,,,,,,,,,,,,,,,,,,,,,,,,,,,,,,,,,,,,,,,,,,,,,,,,,,,,,,,,,,,,,,,,,,,,,,,,,,,,,,,,,,,,,,,,,,,,
cow_bite,6cb5eb05bb3c0da6aa7289e0f61a22b83f06dcfb0503a4f939796c916a4dc818.mp4,10,18,27,40,51,63,72,86,96,109,120,130,141,151,161,175,186,196,207,221,230,242,251,,,,,,,,,,,,,,,,,,,,,,,,,,,,,,,,,,,,,,,,,,,,,,,,,,,,,,,,,,,,,,,,,,,,,,,,,,,,,,,,,,,,,,,,,,,,,,,,,,,,,,,,,,,,,,,,,,,,,,
cow_bite,6c870045b68ddfc80090aef1b9206f6ab7d5260b3f43ddaf39d3ba4255089ad1.mp4,21,11,22,33,44,54,65,75,85,98,105,115,127,138,145,158,166,180,189,201,209,220,230,243,253,263,276,285,296,309,319,330,341,353,363,374,385,397,409,422,431,452,459,473,481,,,,,,,,,,,,,,,,,,,,,,,,,,,,,,,,,,,,,,,,,,,,,,,,,,,,,,,,,,,,,,,,,,,,,,,,,,,,,,,,,,,,,,,,,,,,,,,,
cow_bite,6bda89c180963979e637150dbc8e8f8490417d222ca8cc9a244537a23395829b.mp4,1,106,128,149,,,,,,,,,,,,,,,,,,,,,,,,,,,,,,,,,,,,,,,,,,,,,,,,,,,,,,,,,,,,,,,,,,,,,,,,,,,,,,,,,,,,,,,,,,,,,,,,,,,,,,,,,,,,,,,,,,,,,,,,,,,,,,,,,,,,,,,,,
cow_bite,6a258ae4b7ec52cbc4a275d9ad9a83cd296244084cb30e64a4204648fdb9a19b.mp4,5,1,9,22,29,41,48,60,68,80,87,99,,,,,,,,,,,,,,,,,,,,,,,,,,,,,,,,,,,,,,,,,,,,,,,,,,,,,,,,,,,,,,,,,,,,,,,,,,,,,,,,,,,,,,,,,,,,,,,,,,,,,,,,,,,,,,,,,,,,,,,,,,,,,,,,,
cow_bite,5fb1b6612d24a8d268be0a5c790cf0e7468d9404fb7a3229cc1702d8cba638f6.mp4,7,1,13,41,65,100,113,137,161,186,208,242,258,293,312,342,364,,,,,,,,,,,,,,,,,,,,,,,,,,,,,,,,,,,,,,,,,,,,,,,,,,,,,,,,,,,,,,,,,,,,,,,,,,,,,,,,,,,,,,,,,,,,,,,,,,,,,,,,,,,,,,,,,,,,,,,,,,,,
cow_bite,5ef92e55c366385331d55c4afa86ca33a75109a9c309e2975291280f4870b835.mp4,15,36,58,98,106,135,151,178,199,224,245,269,567,594,620,647,673,702,721,748,765,791,813,851,866,889,913,938,957,973,1000,1024,1046,,,,,,,,,,,,,,,,,,,,,,,,,,,,,,,,,,,,,,,,,,,,,,,,,,,,,,,,,,,,,,,,,,,,,,,,,,,,,,,,,,,,,,,,,,,,,,,,,,,,,,,,,,,,
cow_bite,5abc6788584b124a77d017df8fb86b9e94d0c2486771bf7529c47b84d258e118.mp4,0,449,508,,,,,,,,,,,,,,,,,,,,,,,,,,,,,,,,,,,,,,,,,,,,,,,,,,,,,,,,,,,,,,,,,,,,,,,,,,,,,,,,,,,,,,,,,,,,,,,,,,,,,,,,,,,,,,,,,,,,,,,,,,,,,,,,,,,,,,,,,,
cow_bite,4c429f04e6ad37d71e2372cad1758a6014a813d1c0a3c0cd6bf559cc5f691df4.mp4,5,5,15,28,35,49,58,70,79,93,102,114,,,,,,,,,,,,,,,,,,,,,,,,,,,,,,,,,,,,,,,,,,,,,,,,,,,,,,,,,,,,,,,,,,,,,,,,,,,,,,,,,,,,,,,,,,,,,,,,,,,,,,,,,,,,,,,,,,,,,,,,,,,,,,,,,
cow_bite,3fdca571495a4126ec68eab172b1d18bcdc533ff6fa71118a9c2f5eaa4082db1.mp4,6,0,8,18,30,43,54,64,74,85,96,107,117,129,138,,,,,,,,,,,,,,,,,,,,,,,,,,,,,,,,,,,,,,,,,,,,,,,,,,,,,,,,,,,,,,,,,,,,,,,,,,,,,,,,,,,,,,,,,,,,,,,,,,,,,,,,,,,,,,,,,,,,,,,,,,,,,,
cow_bite,3e91b50dbd3df81d0123dee26217f5ffb67608de79f846a9892219b32101ef24.mp4,8,0,19,47,66,90,110,139,164,194,217,250,270,301,329,362,377,407,424,,,,,,,,,,,,,,,,,,,,,,,,,,,,,,,,,,,,,,,,,,,,,,,,,,,,,,,,,,,,,,,,,,,,,,,,,,,,,,,,,,,,,,,,,,,,,,,,,,,,,,,,,,,,,,,,,,,,,,,,,,
cow_bite,3cbcec573e483b850982fcd0fa5026bc2e2e48b885547a4d9d62e00e4f3fbb3f.mp4,20,5,18,36,52,65,77,90,104,119,127,143,152,164,174,186,197,214,223,238,244,259,268,281,293,308,315,326,339,349,362,375,385,396,409,419,430,441,448,460,472,483,493,,,,,,,,,,,,,,,,,,,,,,,,,,,,,,,,,,,,,,,,,,,,,,,,,,,,,,,,,,,,,,,,,,,,,,,,,,,,,,,,,,,,,,,,,,,,,,,,,,
cow_bite,3ca53dadcfd8236654da9f3caa361e5d26303cf56c9085d7d56448eb2d5c8279.mp4,4,5,16,26,43,56,68,78,92,104,118,,,,,,,,,,,,,,,,,,,,,,,,,,,,,,,,,,,,,,,,,,,,,,,,,,,,,,,,,,,,,,,,,,,,,,,,,,,,,,,,,,,,,,,,,,,,,,,,,,,,,,,,,,,,,,,,,,,,,,,,,,,,,,,,,,
cow_bite,3b633187f3db6761c5400dd3019a996db875d5c3d82b745a159b3b218e428b4a.mp4,5,0,25,51,72,101,117,154,169,202,225,250,277,,,,,,,,,,,,,,,,,,,,,,,,,,,,,,,,,,,,,,,,,,,,,,,,,,,,,,,,,,,,,,,,,,,,,,,,,,,,,,,,,,,,,,,,,,,,,,,,,,,,,,,,,,,,,,,,,,,,,,,,,,,,,,,,
cow_bite,3b7ab3ae7e6c0463a7d64b10f71cb9b8ebd3b164dff09a3eaf06d8d9e6a9b9ae.mp4,18,0,15,28,40,54,64,77,86,102,109,118,138,148,162,174,187,198,216,231,243,256,264,281,288,304,314,329,337,353,364,377,389,400,410,425,433,442,,,,,,,,,,,,,,,,,,,,,,,,,,,,,,,,,,,,,,,,,,,,,,,,,,,,,,,,,,,,,,,,,,,,,,,,,,,,,,,,,,,,,,,,,,,,,,,,,,,,,,,
cow_bite,2a34f8146011b9616069c1f9a242ff5a2700ec7e88026df228583c1b51d7382c.mp4,9,11,21,33,42,59,69,81,89,101,112,122,134,147,156,168,179,192,202,216,224,,,,,,,,,,,,,,,,,,,,,,,,,,,,,,,,,,,,,,,,,,,,,,,,,,,,,,,,,,,,,,,,,,,,,,,,,,,,,,,,,,,,,,,,,,,,,,,,,,,,,,,,,,,,,,,,,,,,,,,,
cow_bite,01b715099d0b060560062494f445d64273968b38c4947afe7bdcfe6e76c4451f.mp4,10,0,32,52,81,119,135,173,188,220,238,265,288,325,342,377,397,425,450,473,497,525,545,,,,,,,,,,,,,,,,,,,,,,,,,,,,,,,,,,,,,,,,,,,,,,,,,,,,,,,,,,,,,,,,,,,,,,,,,,,,,,,,,,,,,,,,,,,,,,,,,,,,,,,,,,,,,,,,,,,,,,
cow_bite,1a3d5ba869ff6da0baf0a78dbd424b97d631b648070827c82372b7fdad8045ec.mp4,1,17,30,44,55,,,,,,,,,,,,,,,,,,,,,,,,,,,,,,,,,,,,,,,,,,,,,,,,,,,,,,,,,,,,,,,,,,,,,,,,,,,,,,,,,,,,,,,,,,,,,,,,,,,,,,,,,,,,,,,,,,,,,,,,,,,,,,,,,,,,,,,,
cow_bite,0a41140743aef11afa3d470466bf5117c7d7cdc1fc139d7bb50ceba7bfdd9f2d.mp4,13,12,19,30,40,51,59,69,76,90,99,111,118,130,137,150,160,172,179,192,199,210,220,233,238,248,259,271,278,,,,,,,,,,,,,,,,,,,,,,,,,,,,,,,,,,,,,,,,,,,,,,,,,,,,,,,,,,,,,,,,,,,,,,,,,,,,,,,,,,,,,,,,,,,,,,,,,,,,,,,,,,,,,,,,
cow_bite,0a5cf76aeb1d1514f9156b73a5e123d67f194583b32a48d315123b5e13eec68e.mp4,13,54,69,106,129,159,188,200,281,326,389,422,479,510,527,542,571,610,645,695,824,859,886,917,978,1009,1062,1108,1133,,,,,,,,,,,,,,,,,,,,,,,,,,,,,,,,,,,,,,,,,,,,,,,,,,,,,,,,,,,,,,,,,,,,,,,,,,,,,,,,,,,,,,,,,,,,,,,,,,,,,,,,,,,,,,,,
